metric,value
Sensitivity,0.9381270903010034
Specificity,0.8849270664505673
Pos Pred Value,0.9404861693210395
Neg Pred Value,0.8806451612903227
Precision,0.9404861693210393
Recall,0.9381270903010034
F1,0.9393051485977397
Prevalence,0.6596800882515168
Detection Rate,0.6188637617209046
Detection Prevalence,0.6580253723110866
Balanced Accuracy,0.9115270783757854
