metric,value
Sensitivity,0.9565217391304348
Specificity,0.8809106830122592
Pos Pred Value,0.945859872611465
Neg Pred Value,0.903052064631957
Precision,0.945859872611465
Recall,0.9565217391304348
F1,0.9511609287429943
Prevalence,0.6850523993381136
Detection Rate,0.6552675124103695
Detection Prevalence,0.6927744070601214
Balanced Accuracy,0.9187162110713469
