metric,value
Sensitivity,0.950354609929078
Specificity,0.8069852941176471
Pos Pred Value,0.919908466819222
Neg Pred Value,0.8745019920318725
Precision,0.919908466819222
Recall,0.950354609929078
F1,0.9348837209302325
Prevalence,0.6999448428019857
Detection Rate,0.6651958080529509
Detection Prevalence,0.7231108659680088
Balanced Accuracy,0.8786699520233625
