label,recall,support
Botnet,0.9908763813929581,7782
Normal,0.5456431535269709,482
