metric,value
Sensitivity,0.9266932270916335
Specificity,0.7293906810035843
Pos Pred Value,0.8850837138508372
Neg Pred Value,0.8156312625250502
Precision,0.8850837138508372
Recall,0.9266932270916335
F1,0.9054106656286494
Prevalence,0.692222835079978
Detection Rate,0.6414782129067843
Detection Prevalence,0.7247655819084391
Balanced Accuracy,0.8280419540476089
