metric,value
Sensitivity,0.9554494828957836
Specificity,0.8363309352517986
Pos Pred Value,0.9295665634674922
Neg Pred Value,0.892514395393474
Precision,0.9295665634674922
Recall,0.9554494828957836
F1,0.9423303256178893
Prevalence,0.6933259790402647
Detection Rate,0.6624379481522339
Detection Prevalence,0.7126309983452841
Balanced Accuracy,0.895890209073791
