metric,value
Sensitivity,0.8441558441558441
Specificity,0.7962962962962963
Pos Pred Value,0.8552631578947368
Neg Pred Value,0.7818181818181817
Precision,0.8552631578947368
Recall,0.8441558441558441
F1,0.8496732026143792
Prevalence,0.5877862595419847
Detection Rate,0.4961832061068702
Detection Prevalence,0.5801526717557252
Balanced Accuracy,0.8202260702260702
