metric,value
Sensitivity,0.9333685880486515
Specificity,0.8950542822677925
Pos Pred Value,0.953023758099352
Neg Pred Value,0.8548387096774194
Precision,0.953023758099352
Recall,0.9333685880486515
F1,0.943093775046754
Prevalence,0.6952205882352941
Detection Rate,0.6488970588235294
Detection Prevalence,0.6808823529411765
Balanced Accuracy,0.914211435158222
