label,recall,support
Botnet,0.9903944672131147,7808
Normal,0.39473684210526316,456
