metric,value
Sensitivity,0.9377637130801688
Specificity,0.8713592233009708
Pos Pred Value,0.9437367303609342
Neg Pred Value,0.8588516746411484
Precision,0.9437367303609342
Recall,0.9377637130801688
F1,0.9407407407407409
Prevalence,0.6970588235294117
Detection Rate,0.6536764705882353
Detection Prevalence,0.6926470588235294
Balanced Accuracy,0.9045614681905698
