metric,value
Sensitivity,0.9899897330595483
Specificity,0.6207627118644068
Pos Pred Value,0.9773216774357025
Neg Pred Value,0.7897574123989224
Precision,0.9773216774357025
Recall,0.9899897330595483
F1,0.9836149187121455
Prevalence,0.9428848015488868
Detection Rate,0.9334462729912875
Detection Prevalence,0.9551064859632139
Balanced Accuracy,0.8053762224619776
