metric,value
Sensitivity,0.9344
Specificity,0.7122557726465364
Pos Pred Value,0.8781954887218044
Neg Pred Value,0.8302277432712215
Precision,0.8781954887218045
Recall,0.9344
F1,0.9054263565891473
Prevalence,0.6894649751792609
Detection Rate,0.6442360728075014
Detection Prevalence,0.7335907335907336
Balanced Accuracy,0.8233278863232683
