metric,value
Sensitivity,0.9512799339388934
Specificity,0.8637873754152824
Pos Pred Value,0.93354943273906
Neg Pred Value,0.8981001727115716
Precision,0.93354943273906
Recall,0.9512799339388934
F1,0.9423312883435582
Prevalence,0.667953667953668
Detection Rate,0.6354109211252068
Detection Prevalence,0.6806398234969664
Balanced Accuracy,0.9075336546770879
