label,recall,support
Botnet,0.9921503024063827,7771
Normal,0.41379310344827586,493
