label,recall,support
Botnet,0.9885633513235672,7782
Normal,0.5705394190871369,482
