label,recall,support
Botnet,0.9898522800256905,7785
Normal,0.7265135699373695,479
