metric,value
Sensitivity,0.9328
Specificity,0.7264653641207816
Pos Pred Value,0.8833333333333333
Neg Pred Value,0.8296146044624746
Precision,0.8833333333333333
Recall,0.9328
F1,0.9073929961089494
Prevalence,0.6894649751792609
Detection Rate,0.6431329288472145
Detection Prevalence,0.7280750137892995
Balanced Accuracy,0.8296326820603908
