metric,value
Sensitivity,0.9894979508196722
Specificity,0.7697368421052632
Pos Pred Value,0.9865917507342613
Neg Pred Value,0.8106235565819869
Precision,0.9865917507342613
Recall,0.9894979508196722
F1,0.9880427137284993
Prevalence,0.9448209099709584
Detection Rate,0.9348983543078412
Detection Prevalence,0.9476040658276863
Balanced Accuracy,0.8796173964624676
