label,recall,support
Botnet,0.9911390779504302,7787
Normal,0.48427672955974843,477
