label,recall,support
Botnet,0.9879021879021879,7770
Normal,0.819838056680162,494
