label,recall,support
Botnet,0.9881550148062315,7767
Normal,0.6861167002012073,497
