metric,value
Sensitivity,0.944006309148265
Specificity,0.8385321100917431
Pos Pred Value,0.9315175097276264
Neg Pred Value,0.865530303030303
Precision,0.9315175097276265
Recall,0.944006309148265
F1,0.937720329024677
Prevalence,0.6993932708218422
Detection Rate,0.6602316602316602
Detection Prevalence,0.7087699944842802
Balanced Accuracy,0.8912692096200041
