label,recall,support
Botnet,0.9917472598323662,7755
Normal,0.4793713163064833,509
