metric,value
Sensitivity,0.9455406471981057
Specificity,0.9084249084249084
Pos Pred Value,0.9599358974358975
Neg Pred Value,0.8778761061946901
Precision,0.9599358974358975
Recall,0.9455406471981057
F1,0.9526838966202783
Prevalence,0.6988416988416989
Detection Rate,0.6607832322118037
Detection Prevalence,0.6883618312189741
Balanced Accuracy,0.9269827778115071
