label,recall,support
Botnet,0.9955030194012592,7783
Normal,0.28482328482328484,481
