metric,value
Sensitivity,0.9162098668754894
Specificity,0.8544776119402985
Pos Pred Value,0.9374999999999999
Neg Pred Value,0.8106194690265487
Precision,0.9375
Recall,0.9162098668754894
F1,0.9267326732673268
Prevalence,0.704357418643133
Detection Rate,0.6453392167677882
Detection Prevalence,0.6883618312189741
Balanced Accuracy,0.885343739407894
