metric,value
Sensitivity,0.9885530546623794
Specificity,0.7525562372188139
Pos Pred Value,0.9845010887664917
Neg Pred Value,0.8052516411378554
Precision,0.9845010887664916
Recall,0.9885530546623794
F1,0.9865229110512129
Prevalence,0.9408276863504357
Detection Rate,0.9300580832526621
Detection Prevalence,0.9446999031945789
Balanced Accuracy,0.8705546459405966
