metric,value
Sensitivity,0.9920410783055199
Specificity,0.5337552742616034
Pos Pred Value,0.9721977607246195
Neg Pred Value,0.8031746031746034
Precision,0.9721977607246195
Recall,0.9920410783055199
F1,0.9820191880043204
Prevalence,0.9426427879961278
Detection Rate,0.9351403678606002
Detection Prevalence,0.9618828654404646
Balanced Accuracy,0.7628981762835616
