metric,value
Sensitivity,0.9605157131345688
Specificity,0.8374125874125874
Pos Pred Value,0.9276264591439689
Neg Pred Value,0.9071969696969695
Precision,0.9276264591439689
Recall,0.9605157131345688
F1,0.943784639746635
Prevalence,0.6845008273579702
Detection Rate,0.6574738003309432
Detection Prevalence,0.7087699944842802
Balanced Accuracy,0.8989641502735781
