label,recall,support
Botnet,0.988961622384803,7791
Normal,0.5792811839323467,473
