metric,value
Sensitivity,0.9897422746505963
Specificity,0.7548387096774194
Pos Pred Value,0.9854461891995404
Neg Pred Value,0.8143851508120655
Precision,0.9854461891995404
Recall,0.9897422746505963
F1,0.987589559877175
Prevalence,0.9437318489835431
Detection Rate,0.9340513068731849
Detection Prevalence,0.9478460793804453
Balanced Accuracy,0.8722904921640078
