metric,value
Sensitivity,0.991510162078724
Specificity,0.5448979591836735
Pos Pred Value,0.9718824864455932
Neg Pred Value,0.8018018018018026
Precision,0.9718824864455933
Recall,0.991510162078724
F1,0.9815982171283032
Prevalence,0.9407066795740562
Detection Rate,0.9327202323330106
Detection Prevalence,0.9597047434656341
Balanced Accuracy,0.7682040606311987
