label,recall,support
Botnet,0.9868725868725868,7770
Normal,0.5263157894736842,494
