metric,value
Sensitivity,0.9868725868725868
Specificity,0.5263157894736842
Pos Pred Value,0.9703872437357631
Neg Pred Value,0.7182320441988945
Precision,0.9703872437357631
Recall,0.9868725868725868
F1,0.9785604900459417
Prevalence,0.9402226524685382
Detection Rate,0.9278799612778316
Detection Prevalence,0.9561955469506292
Balanced Accuracy,0.7565941881731355
