metric,value
Sensitivity,0.9343873517786562
Specificity,0.843065693430657
Pos Pred Value,0.9321766561514196
Neg Pred Value,0.8477064220183487
Precision,0.9321766561514195
Recall,0.9343873517786562
F1,0.9332806948282669
Prevalence,0.697738554881412
Detection Rate,0.6519580805295091
Detection Prevalence,0.6993932708218422
Balanced Accuracy,0.8887265226046566
