metric,value
Sensitivity,0.9447154471544715
Specificity,0.7272727272727273
Pos Pred Value,0.8796366389099167
Neg Pred Value,0.8617886178861788
Precision,0.8796366389099167
Recall,0.9447154471544715
F1,0.9110152881223049
Prevalence,0.6784335355763927
Detection Rate,0.640926640926641
Detection Prevalence,0.728626585769443
Balanced Accuracy,0.8359940872135994
