metric,value
Sensitivity,0.9894736842105263
Specificity,0.7763713080168776
Pos Pred Value,0.9864346045559252
Neg Pred Value,0.8177777777777774
Precision,0.9864346045559252
Recall,0.9894736842105263
F1,0.9879518072289156
Prevalence,0.9426427879961278
Detection Rate,0.9327202323330106
Detection Prevalence,0.9455469506292352
Balanced Accuracy,0.8829224961137019
