metric,value
Sensitivity,0.9239904988123515
Specificity,0.8618181818181818
Pos Pred Value,0.9388576025744167
Neg Pred Value,0.8315789473684209
Precision,0.9388576025744167
Recall,0.9239904988123515
F1,0.931364724660814
Prevalence,0.6966354109211252
Detection Rate,0.643684500827358
Detection Prevalence,0.685603971318257
Balanced Accuracy,0.8929043403152667
