label,recall,support
Botnet,0.9925660087157139,7802
Normal,0.487012987012987,462
