label,recall,support
Botnet,0.9846708746618575,7763
Normal,0.7065868263473054,501
