metric,value
Sensitivity,0.9920082495488528
Specificity,0.7193675889328063
Pos Pred Value,0.9818831334524113
Neg Pred Value,0.8544600938967137
Precision,0.9818831334524113
Recall,0.9920082495488528
F1,0.9869197230058989
Prevalence,0.9387705711519845
Detection Rate,0.9312681510164569
Detection Prevalence,0.9484511132623427
Balanced Accuracy,0.8556879192408295
