label,recall,support
Botnet,0.9881626351003603,7772
Normal,0.5691056910569106,492
