metric,value
Sensitivity,0.9455564451561249
Specificity,0.8705673758865248
Pos Pred Value,0.9417862838915471
Neg Pred Value,0.8783542039355994
Precision,0.9417862838915471
Recall,0.9455564451561249
F1,0.9436675988813424
Prevalence,0.6889134031991175
Detection Rate,0.6514065085493657
Detection Prevalence,0.6916712630998345
Balanced Accuracy,0.9080619105213248
