label,recall,support
Botnet,0.991383744855967,7776
Normal,0.5635245901639344,488
