metric,value
Sensitivity,0.9267139479905437
Specificity,0.7022058823529411
Pos Pred Value,0.8789237668161434
Neg Pred Value,0.8042105263157894
Precision,0.8789237668161435
Recall,0.9267139479905437
F1,0.902186421173763
Prevalence,0.6999448428019857
Detection Rate,0.6486486486486487
Detection Prevalence,0.7380033094318809
Balanced Accuracy,0.8144599151717424
