metric,value
Sensitivity,0.9903549382716049
Specificity,0.5717213114754098
Pos Pred Value,0.9735777496839444
Neg Pred Value,0.7881355932203388
Precision,0.9735777496839444
Recall,0.9903549382716049
F1,0.9818946831569553
Prevalence,0.9409486931268151
Detection Rate,0.9318731848983544
Detection Prevalence,0.9571636011616651
Balanced Accuracy,0.7810381248735074
