label,recall,support
Botnet,0.9905152524993591,7802
Normal,0.7510822510822511,462
