metric,value
Sensitivity,0.9903350515463918
Specificity,0.5456349206349206
Pos Pred Value,0.9710639373262573
Neg Pred Value,0.7857142857142864
Precision,0.9710639373262573
Recall,0.9903350515463918
F1,0.9806048232742122
Prevalence,0.9390125847047435
Detection Rate,0.9299370764762827
Detection Prevalence,0.957647628267183
Balanced Accuracy,0.7679849860906562
