metric,value
Sensitivity,0.989306879670188
Specificity,0.5597609561752988
Pos Pred Value,0.9720253164556962
Neg Pred Value,0.771978021978021
Precision,0.9720253164556962
Recall,0.989306879670188
F1,0.9805899629676924
Prevalence,0.9392545982575025
Detection Rate,0.9292110358180058
Detection Prevalence,0.9559535333978703
Balanced Accuracy,0.7745339179227434
