metric,value
Sensitivity,0.9903574183594754
Specificity,0.602880658436214
Pos Pred Value,0.9755572441742654
Neg Pred Value,0.7961956521739129
Precision,0.9755572441742655
Recall,0.9903574183594754
F1,0.9829016205180554
Prevalence,0.941190706679574
Detection Rate,0.9321151984511132
Detection Prevalence,0.9554695062923524
Balanced Accuracy,0.7966190383978446
