metric,value
Sensitivity,0.9319838056680162
Specificity,0.6972318339100346
Pos Pred Value,0.868024132730015
Neg Pred Value,0.8275154004106777
Precision,0.8680241327300151
Recall,0.9319838056680162
F1,0.898867629832097
Prevalence,0.6811913954771097
Detection Rate,0.6348593491450635
Detection Prevalence,0.7313844456701599
Balanced Accuracy,0.8146078197890254
