metric,value
Sensitivity,0.9883542359866906
Specificity,0.5777777777777777
Pos Pred Value,0.975988879059775
Neg Pred Value,0.7407407407407414
Precision,0.975988879059775
Recall,0.9883542359866906
F1,0.9821326381382337
Prevalence,0.9455469506292352
Detection Rate,0.9345353339787028
Detection Prevalence,0.9575266214908035
Balanced Accuracy,0.7830660068822342
