metric,value
Sensitivity,0.9426957223567393
Specificity,0.7247386759581882
Pos Pred Value,0.880844645550528
Neg Pred Value,0.8542094455852156
Precision,0.8808446455505279
Recall,0.9426957223567393
F1,0.9107212475633527
Prevalence,0.6833976833976834
Detection Rate,0.6442360728075014
Detection Prevalence,0.7313844456701599
Balanced Accuracy,0.8337171991574637
