metric,value
Sensitivity,0.991112828438949
Specificity,0.496
Pos Pred Value,0.9682899207248018
Neg Pred Value,0.7823343848580442
Precision,0.9682899207248018
Recall,0.991112828438949
F1,0.9795684552224555
Prevalence,0.9394966118102613
Detection Rate,0.9311471442400775
Detection Prevalence,0.9616408518877058
Balanced Accuracy,0.7435564142194745
