metric,value
Sensitivity,0.9547657512116317
Specificity,0.8695652173913043
Pos Pred Value,0.9403341288782817
Neg Pred Value,0.8992805755395683
Precision,0.9403341288782816
Recall,0.9547657512116317
F1,0.94749498997996
Prevalence,0.68284611141754
Detection Rate,0.6519580805295091
Detection Prevalence,0.6933259790402647
Balanced Accuracy,0.9121654843014679
