metric,value
Sensitivity,0.9548810500410172
Specificity,0.8619528619528619
Pos Pred Value,0.9341894060995185
Neg Pred Value,0.9029982363315696
Precision,0.9341894060995185
Recall,0.9548810500410172
F1,0.944421906693712
Prevalence,0.6723662437948152
Detection Rate,0.6420297848869277
Detection Prevalence,0.6872586872586872
Balanced Accuracy,0.9084169559969395
