metric,value
Sensitivity,0.9355877616747182
Specificity,0.8423817863397548
Pos Pred Value,0.9281150159744409
Neg Pred Value,0.8573975044563281
Precision,0.9281150159744409
Recall,0.9355877616747182
F1,0.9318364073777065
Prevalence,0.6850523993381136
Detection Rate,0.640926640926641
Detection Prevalence,0.6905681191395477
Balanced Accuracy,0.8889847740072365
