metric,value
Sensitivity,0.9506762132060461
Specificity,0.841726618705036
Pos Pred Value,0.9314107560405299
Neg Pred Value,0.8830188679245282
Precision,0.93141075604053
Recall,0.9506762132060461
F1,0.9409448818897639
Prevalence,0.6933259790402647
Detection Rate,0.6591285162713734
Detection Prevalence,0.7076668505239934
Balanced Accuracy,0.896201415955541
