metric,value
Sensitivity,0.933649289099526
Specificity,0.8775137111517367
Pos Pred Value,0.9463570856685347
Neg Pred Value,0.8510638297872339
Precision,0.9463570856685348
Recall,0.933649289099526
F1,0.9399602385685885
Prevalence,0.6982901268615554
Detection Rate,0.6519580805295091
Detection Prevalence,0.6889134031991175
Balanced Accuracy,0.9055815001256313
