metric,value
Sensitivity,0.9331184528605962
Specificity,0.9213286713286714
Pos Pred Value,0.9625935162094764
Neg Pred Value,0.8639344262295081
Precision,0.9625935162094763
Recall,0.9331184528605962
F1,0.9476268412438624
Prevalence,0.6845008273579702
Detection Rate,0.6387203530060673
Detection Prevalence,0.6635410921125207
Balanced Accuracy,0.9272235620946339
