metric,value
Sensitivity,0.9483306836248012
Specificity,0.8342342342342343
Pos Pred Value,0.9284046692607003
Neg Pred Value,0.8768939393939392
Precision,0.9284046692607004
Recall,0.9483306836248012
F1,0.9382618953991347
Prevalence,0.6938775510204082
Detection Rate,0.6580253723110866
Detection Prevalence,0.7087699944842802
Balanced Accuracy,0.8912824589295177
