label,recall,support
Botnet,0.9893617021276596,7802
Normal,0.6103896103896104,462
