label,recall,support
Botnet,0.9914970368461736,7762
Normal,0.7430278884462151,502
