metric,value
Sensitivity,0.9887005649717514
Specificity,0.5189075630252101
Pos Pred Value,0.971118678269643
Neg Pred Value,0.737313432835821
Precision,0.971118678269643
Recall,0.9887005649717514
F1,0.9798307565056944
Prevalence,0.9424007744433688
Detection Rate,0.9317521781219749
Detection Prevalence,0.9594627299128751
Balanced Accuracy,0.7538040639984808
