label,recall,support
Botnet,0.988238302224495,7822
Normal,0.5610859728506787,442
