metric,value
Sensitivity,0.9207365892714171
Specificity,0.8226950354609929
Pos Pred Value,0.92
Neg Pred Value,0.8241563055062165
Precision,0.92
Recall,0.9207365892714171
F1,0.9203681472589036
Prevalence,0.6889134031991175
Detection Rate,0.63430777716492
Detection Prevalence,0.6894649751792609
Balanced Accuracy,0.871715812366205
