metric,value
Sensitivity,0.9886043533930858
Specificity,0.5925110132158591
Pos Pred Value,0.9766000505944852
Neg Pred Value,0.7513966480446934
Precision,0.9766000505944852
Recall,0.9886043533930858
F1,0.9825655383049122
Prevalence,0.9450629235237173
Detection Rate,0.9342933204259438
Detection Prevalence,0.9566795740561471
Balanced Accuracy,0.7905576833044725
