metric,value
Sensitivity,0.9449685534591195
Specificity,0.8170055452865065
Pos Pred Value,0.9239046887009992
Neg Pred Value,0.86328125
Precision,0.9239046887009992
Recall,0.9449685534591195
F1,0.9343179168286047
Prevalence,0.7015995587424159
Detection Rate,0.6629895201323773
Detection Prevalence,0.7175951461665747
Balanced Accuracy,0.8809870493728129
