metric,value
Sensitivity,0.9911606456571868
Specificity,0.5611353711790393
Pos Pred Value,0.9746787603930461
Neg Pred Value,0.7883435582822083
Precision,0.9746787603930461
Recall,0.9911606456571868
F1,0.9828506097560976
Prevalence,0.9445788964181994
Detection Rate,0.9362294288480155
Detection Prevalence,0.9605517909002904
Balanced Accuracy,0.776148008418113
