metric,value
Sensitivity,0.9598741148701809
Specificity,0.7084870848708487
Pos Pred Value,0.8853410740203193
Neg Pred Value,0.882758620689655
Precision,0.8853410740203193
Recall,0.9598741148701809
F1,0.9211023027557568
Prevalence,0.7010479867622724
Detection Rate,0.6729178157749587
Detection Prevalence,0.7600661886376172
Balanced Accuracy,0.8341805998705147
