metric,value
Sensitivity,0.9920410783055199
Specificity,0.4936708860759494
Pos Pred Value,0.9698795180722891
Neg Pred Value,0.7905405405405408
Precision,0.9698795180722891
Recall,0.9920410783055199
F1,0.9808351313618479
Prevalence,0.9426427879961278
Detection Rate,0.9351403678606002
Detection Prevalence,0.9641819941916747
Balanced Accuracy,0.7428559821907347
