metric,value
Sensitivity,0.9310344827586207
Specificity,0.7226148409893993
Pos Pred Value,0.8808801213960545
Neg Pred Value,0.8262626262626263
Precision,0.8808801213960546
Recall,0.9310344827586207
F1,0.9052631578947369
Prevalence,0.6878102592388307
Detection Rate,0.6403750689464975
Detection Prevalence,0.7269718698290127
Balanced Accuracy,0.82682466187401
