label,recall,support
Botnet,0.9886131013306039,7816
Normal,0.7857142857142857,448
