label,recall,support
Botnet,0.9899341850561363,7749
Normal,0.3572815533980582,515
