metric,value
Sensitivity,0.84
Specificity,0.9107142857142857
Pos Pred Value,0.926470588235294
Neg Pred Value,0.8095238095238095
Precision,0.9264705882352942
Recall,0.84
F1,0.881118881118881
Prevalence,0.5725190839694656
Detection Rate,0.48091603053435117
Detection Prevalence,0.5190839694656488
Balanced Accuracy,0.8753571428571428
