label,recall,support
Botnet,0.9845460399227302,7765
Normal,0.8196392785571143,499
