label,recall,support
Botnet,0.9899794450154162,7784
Normal,0.5354166666666667,480
