metric,value
Sensitivity,0.9900926402470407
Specificity,0.40447154471544716
Pos Pred Value,0.963319979969955
Neg Pred Value,0.7210144927536238
Precision,0.9633199799699549
Recall,0.9900926402470407
F1,0.9765228426395939
Prevalence,0.9404646660212972
Detection Rate,0.9311471442400775
Detection Prevalence,0.9666021297192643
Balanced Accuracy,0.697282092481244
