metric,value
Sensitivity,0.9496805111821086
Specificity,0.8253119429590018
Pos Pred Value,0.9238539238539238
Neg Pred Value,0.8802281368821291
Precision,0.9238539238539238
Recall,0.9496805111821086
F1,0.9365892083497441
Prevalence,0.6905681191395477
Detection Rate,0.655819084390513
Detection Prevalence,0.709873138444567
Balanced Accuracy,0.8874962270705552
