metric,value
Sensitivity,0.9585613760750586
Specificity,0.8951310861423221
Pos Pred Value,0.9563182527301092
Neg Pred Value,0.9001883239171374
Precision,0.9563182527301092
Recall,0.9585613760750586
F1,0.9574385005857087
Prevalence,0.7054605626034197
Detection Rate,0.6762272476558191
Detection Prevalence,0.7071152785438499
Balanced Accuracy,0.9268462311086904
