metric,value
Sensitivity,0.9884526558891455
Specificity,0.7872340425531915
Pos Pred Value,0.9871860584315735
Neg Pred Value,0.8043478260869573
Precision,0.9871860584315736
Recall,0.9884526558891455
F1,0.9878189511475831
Prevalence,0.9431268151016456
Detection Rate,0.9322362052274927
Detection Prevalence,0.9443368828654405
Balanced Accuracy,0.8878433492211686
