label,recall,support
Botnet,0.9927835051546392,7760
Normal,0.7083333333333334,504
