metric,value
Sensitivity,0.9387590652699436
Specificity,0.8793706293706294
Pos Pred Value,0.9440842787682334
Neg Pred Value,0.8687392055267703
Precision,0.9440842787682334
Recall,0.9387590652699436
F1,0.9414141414141415
Prevalence,0.6845008273579702
Detection Rate,0.6425813568670712
Detection Prevalence,0.6806398234969664
Balanced Accuracy,0.9090648473202865
