metric,value
Sensitivity,0.9860184710107748
Specificity,0.7905982905982906
Pos Pred Value,0.9874116891457932
Neg Pred Value,0.7724425887265138
Precision,0.9874116891457931
Recall,0.9860184710107748
F1,0.9867145882805981
Prevalence,0.9433688286544046
Detection Rate,0.9301790900290416
Detection Prevalence,0.9420377541142304
Balanced Accuracy,0.8883083808045327
