label,recall,support
Botnet,0.9906024716786818,7768
Normal,0.5745967741935484,496
