label,recall,support
Botnet,0.9897264671889046,7787
Normal,0.5974842767295597,477
