metric,value
Sensitivity,0.9559055118110236
Specificity,0.7348066298342542
Pos Pred Value,0.8939617083946981
Neg Pred Value,0.8769230769230768
Precision,0.8939617083946981
Recall,0.9559055118110236
F1,0.9238964992389649
Prevalence,0.7004964147821291
Detection Rate,0.6696083838940982
Detection Prevalence,0.749034749034749
Balanced Accuracy,0.8453560708226389
