metric,value
Sensitivity,0.9344
Specificity,0.7442273534635879
Pos Pred Value,0.8902439024390244
Neg Pred Value,0.8363273453093814
Precision,0.8902439024390244
Recall,0.9344
F1,0.9117876658860266
Prevalence,0.6894649751792609
Detection Rate,0.6442360728075014
Detection Prevalence,0.7236624379481522
Balanced Accuracy,0.8393136767317939
