metric,value
Sensitivity,0.9344524380495604
Specificity,0.8380782918149466
Pos Pred Value,0.9277777777777778
Neg Pred Value,0.8517179023508137
Precision,0.9277777777777778
Recall,0.9344524380495604
F1,0.9311031461569097
Prevalence,0.6900165471594043
Detection Rate,0.6447876447876448
Detection Prevalence,0.694980694980695
Balanced Accuracy,0.8862653649322535
