metric,value
Sensitivity,0.98829280843947
Specificity,0.7617107942973523
Pos Pred Value,0.984998076676497
Neg Pred Value,0.8043010752688174
Precision,0.984998076676497
Recall,0.98829280843947
F1,0.9866426920113023
Prevalence,0.9405856727976767
Detection Rate,0.9295740561471443
Detection Prevalence,0.9437318489835431
Balanced Accuracy,0.8750018013684111
