metric,value
Sensitivity,0.9422776911076443
Specificity,0.7231638418079096
Pos Pred Value,0.8915129151291512
Neg Pred Value,0.8384279475982531
Precision,0.8915129151291513
Recall,0.9422776911076443
F1,0.9161926431551005
Prevalence,0.7071152785438499
Detection Rate,0.6662989520132377
Detection Prevalence,0.7473800330943188
Balanced Accuracy,0.8327207664577769
