metric,value
Sensitivity,0.9490196078431372
Specificity,0.8494423791821561
Pos Pred Value,0.9372579395817195
Neg Pred Value,0.875478927203065
Precision,0.9372579395817195
Recall,0.9490196078431372
F1,0.9431021044427124
Prevalence,0.7032542746828461
Detection Rate,0.6674020959735245
Detection Prevalence,0.7120794263651407
Balanced Accuracy,0.8992309935126467
