label,recall,support
Botnet,0.9903263252934348,7753
Normal,0.5205479452054794,511
