metric,value
Sensitivity,0.9894682763935269
Specificity,0.7740585774058577
Pos Pred Value,0.9861751152073733
Neg Pred Value,0.8185840707964602
Precision,0.9861751152073732
Recall,0.9894682763935269
F1,0.9878189511475831
Prevalence,0.9421587608906099
Detection Rate,0.9322362052274927
Detection Prevalence,0.9453049370764763
Balanced Accuracy,0.8817634268996923
