metric,value
Sensitivity,0.9430830039525692
Specificity,0.8321167883211679
Pos Pred Value,0.9284046692607003
Neg Pred Value,0.8636363636363636
Precision,0.9284046692607004
Recall,0.9430830039525692
F1,0.9356862745098038
Prevalence,0.697738554881412
Detection Rate,0.6580253723110866
Detection Prevalence,0.7087699944842802
Balanced Accuracy,0.8875998961368685
