metric,value
Sensitivity,0.9900191938579654
Specificity,0.8195991091314031
Pos Pred Value,0.9896392939370683
Neg Pred Value,0.8251121076233182
Precision,0.9896392939370683
Recall,0.9900191938579654
F1,0.9898292074457876
Prevalence,0.9456679574056147
Detection Rate,0.9362294288480155
Detection Prevalence,0.9460309777347532
Balanced Accuracy,0.9048091514946843
