metric,value
Sensitivity,0.9495665878644602
Specificity,0.8639705882352942
Pos Pred Value,0.9421422986708365
Neg Pred Value,0.8801498127340825
Precision,0.9421422986708365
Recall,0.9495665878644602
F1,0.945839874411303
Prevalence,0.6999448428019857
Detection Rate,0.6646442360728075
Detection Prevalence,0.7054605626034197
Balanced Accuracy,0.9067685880498773
