label,recall,support
Botnet,0.9902713773681515,7812
Normal,0.7477876106194691,452
