metric,value
Sensitivity,0.987552932118568
Specificity,0.7940552016985138
Pos Pred Value,0.987552932118568
Neg Pred Value,0.7940552016985142
Precision,0.987552932118568
Recall,0.987552932118568
F1,0.987552932118568
Prevalence,0.9430058083252663
Detection Rate,0.9312681510164569
Detection Prevalence,0.9430058083252663
Balanced Accuracy,0.8908040669085409
