label,recall,support
Botnet,0.9903549382716049,7776
Normal,0.5717213114754098,488
