metric,value
Sensitivity,0.9477054429028815
Specificity,0.8569739952718676
Pos Pred Value,0.9362150764364786
Neg Pred Value,0.8809234507897933
Precision,0.9362150764364786
Recall,0.9477054429028815
F1,0.9419252187748607
Prevalence,0.6889705882352941
Detection Rate,0.6529411764705882
Detection Prevalence,0.6974264705882353
Balanced Accuracy,0.9023397190873745
