metric,value
Sensitivity,0.8169014084507042
Specificity,0.9833333333333333
Pos Pred Value,0.983050847457627
Neg Pred Value,0.8194444444444445
Precision,0.9830508474576272
Recall,0.8169014084507042
F1,0.8923076923076924
Prevalence,0.5419847328244275
Detection Rate,0.44274809160305345
Detection Prevalence,0.45038167938931295
Balanced Accuracy,0.9001173708920187
