metric,value
Sensitivity,0.9912269384595536
Specificity,0.571150097465887
Pos Pred Value,0.9721624699481209
Neg Pred Value,0.8116343490304703
Precision,0.9721624699481209
Recall,0.9912269384595536
F1,0.9816021464162513
Prevalence,0.9379235237173281
Detection Rate,0.9296950629235237
Detection Prevalence,0.9563165537270087
Balanced Accuracy,0.7811885179627203
