metric,value
Sensitivity,0.9453681710213777
Specificity,0.7545454545454545
Pos Pred Value,0.8984198645598194
Neg Pred Value,0.8574380165289257
Precision,0.8984198645598194
Recall,0.9453681710213777
F1,0.9212962962962963
Prevalence,0.6966354109211252
Detection Rate,0.65857694429123
Detection Prevalence,0.7330391616105901
Balanced Accuracy,0.8499568127834161
