metric,value
Sensitivity,0.9405705229793978
Specificity,0.8856624319419237
Pos Pred Value,0.9496
Neg Pred Value,0.8667850799289522
Precision,0.9496
Recall,0.9405705229793978
F1,0.9450636942675159
Prevalence,0.6960838389409818
Detection Rate,0.6547159404302262
Detection Prevalence,0.6894649751792609
Balanced Accuracy,0.9131164774606608
