metric,value
Sensitivity,0.9920431211498973
Specificity,0.4851694915254237
Pos Pred Value,0.9695221372130942
Neg Pred Value,0.786941580756014
Precision,0.9695221372130942
Recall,0.9920431211498973
F1,0.9806533460196637
Prevalence,0.9428848015488868
Detection Rate,0.9353823814133592
Detection Prevalence,0.9647870280735721
Balanced Accuracy,0.7386063063376606
