metric,value
Sensitivity,0.9680766161213089
Specificity,0.9035714285714286
Pos Pred Value,0.957379636937648
Neg Pred Value,0.9267399267399269
Precision,0.9573796369376479
Recall,0.9680766161213089
F1,0.9626984126984127
Prevalence,0.6911196911196911
Detection Rate,0.6690568119139547
Detection Prevalence,0.6988416988416989
Balanced Accuracy,0.9358240223463687
