metric,value
Sensitivity,0.9860417467025228
Specificity,0.8087912087912088
Pos Pred Value,0.9888275330679337
Neg Pred Value,0.7714884696016775
Precision,0.9888275330679337
Recall,0.9860417467025228
F1,0.9874326750448833
Prevalence,0.9449419167473379
Detection Rate,0.9317521781219749
Detection Prevalence,0.9422797676669894
Balanced Accuracy,0.8974164777468658
