label,recall,support
Botnet,0.9922908904021586,7783
Normal,0.5426195426195426,481
