metric,value
Sensitivity,0.9092356687898089
Specificity,0.8456014362657092
Pos Pred Value,0.9299674267100978
Neg Pred Value,0.805128205128205
Precision,0.9299674267100977
Recall,0.9092356687898089
F1,0.9194847020933977
Prevalence,0.6927744070601214
Detection Rate,0.6298952013237727
Detection Prevalence,0.6773303916161059
Balanced Accuracy,0.877418552527759
