label,recall,support
Botnet,0.9898444530145263,7779
Normal,0.5690721649484536,485
