metric,value
Sensitivity,0.9452495974235104
Specificity,0.8423817863397548
Pos Pred Value,0.9287974683544304
Neg Pred Value,0.8761384335154826
Precision,0.9287974683544303
Recall,0.9452495974235104
F1,0.9369513168395849
Prevalence,0.6850523993381136
Detection Rate,0.6475455046883618
Detection Prevalence,0.6971869829012686
Balanced Accuracy,0.8938156918816327
