metric,value
Sensitivity,0.9878329918032787
Specificity,0.7719298245614035
Pos Pred Value,0.9866956632979405
Neg Pred Value,0.7874720357941831
Precision,0.9866956632979403
Recall,0.9878329918032787
F1,0.987264
Prevalence,0.9448209099709584
Detection Rate,0.9333252662149081
Detection Prevalence,0.9459099709583737
Balanced Accuracy,0.8798814081823411
