metric,value
Sensitivity,0.9432907348242812
Specificity,0.8270944741532977
Pos Pred Value,0.9241001564945227
Neg Pred Value,0.8672897196261682
Precision,0.9241001564945227
Recall,0.9432907348242812
F1,0.9335968379446641
Prevalence,0.6905681191395477
Detection Rate,0.6514065085493657
Detection Prevalence,0.7049089906232764
Balanced Accuracy,0.8851926044887894
