metric,value
Sensitivity,0.9319286871961102
Specificity,0.8307426597582038
Pos Pred Value,0.9214743589743589
Neg Pred Value,0.8513274336283185
Precision,0.9214743589743589
Recall,0.9319286871961102
F1,0.926672038678485
Prevalence,0.6806398234969664
Detection Rate,0.63430777716492
Detection Prevalence,0.6883618312189741
Balanced Accuracy,0.881335673477157
