metric,value
Sensitivity,0.9899961523662947
Specificity,0.5674518201284796
Pos Pred Value,0.9744981694230527
Neg Pred Value,0.772594752186588
Precision,0.9744981694230527
Recall,0.9899961523662947
F1,0.9821860287568392
Prevalence,0.9434898354307841
Detection Rate,0.9340513068731849
Detection Prevalence,0.9584946757018393
Balanced Accuracy,0.7787239862473871
