metric,value
Sensitivity,0.9442231075697212
Specificity,0.8906810035842294
Pos Pred Value,0.9510433386837882
Neg Pred Value,0.8765432098765433
Precision,0.9510433386837881
Recall,0.9442231075697212
F1,0.9476209516193523
Prevalence,0.692222835079978
Detection Rate,0.6536127964699393
Detection Prevalence,0.6872586872586872
Balanced Accuracy,0.9174520555769753
