metric,value
Sensitivity,0.9341792228390167
Specificity,0.7010869565217391
Pos Pred Value,0.8771407297096053
Neg Pred Value,0.823404255319149
Precision,0.8771407297096053
Recall,0.9341792228390167
F1,0.9047619047619048
Prevalence,0.6955322669608384
Detection Rate,0.6497517926089355
Detection Prevalence,0.740761169332598
Balanced Accuracy,0.8176330896803778
