label,recall,support
Botnet,0.9902413970210581,7788
Normal,0.3634453781512605,476
