metric,value
Sensitivity,0.9102564102564102
Specificity,0.8442477876106195
Pos Pred Value,0.9281045751633986
Neg Pred Value,0.8098471986417657
Precision,0.9281045751633987
Recall,0.9102564102564102
F1,0.919093851132686
Prevalence,0.6883618312189741
Detection Rate,0.6265857694429123
Detection Prevalence,0.6751241036955322
Balanced Accuracy,0.8772520989335149
