metric,value
Sensitivity,0.9920349434737924
Specificity,0.56875
Pos Pred Value,0.9738933030646992
Neg Pred Value,0.8149253731343284
Precision,0.9738933030646992
Recall,0.9920349434737924
F1,0.9828804174887036
Prevalence,0.9419167473378509
Detection Rate,0.9344143272023233
Detection Prevalence,0.9594627299128751
Balanced Accuracy,0.7803924717368962
