metric,value
Sensitivity,0.9879471727144505
Specificity,0.8064516129032258
Pos Pred Value,0.9884541372674792
Neg Pred Value,0.79957356076759
Precision,0.9884541372674791
Recall,0.9879471727144505
F1,0.9882005899705015
Prevalence,0.9437318489835431
Detection Rate,0.9323572120038722
Detection Prevalence,0.9432478218780251
Balanced Accuracy,0.8971993928088382
