metric,value
Sensitivity,0.9483454398708636
Specificity,0.8484320557491289
Pos Pred Value,0.9310618066561014
Neg Pred Value,0.8838475499092561
Precision,0.9310618066561014
Recall,0.9483454398708636
F1,0.939624150339864
Prevalence,0.6833976833976834
Detection Rate,0.6480970766685052
Detection Prevalence,0.6960838389409818
Balanced Accuracy,0.8983887478099963
