metric,value
Sensitivity,0.9896180466547039
Specificity,0.5541125541125541
Pos Pred Value,0.9740128674151634
Neg Pred Value,0.7596439169139458
Precision,0.9740128674151634
Recall,0.9896180466547039
F1,0.9817534490431687
Prevalence,0.9440948693126815
Detection Rate,0.9342933204259438
Detection Prevalence,0.9592207163601162
Balanced Accuracy,0.771865300383629
