label,recall,support
Botnet,0.9893589743589744,7800
Normal,0.6056034482758621,464
