metric,value
Sensitivity,0.9904896542860815
Specificity,0.5714285714285714
Pos Pred Value,0.9738438210765732
Neg Pred Value,0.7885714285714286
Precision,0.9738438210765732
Recall,0.9904896542860815
F1,0.9820962089837527
Prevalence,0.9415537270087125
Detection Rate,0.9325992255566312
Detection Prevalence,0.957647628267183
Balanced Accuracy,0.7809591128573264
