label,recall,support
Botnet,0.9927816447538025,7758
Normal,0.5019762845849802,506
