metric,value
Sensitivity,0.9889814221652786
Specificity,0.5729847494553377
Pos Pred Value,0.9752368919772584
Neg Pred Value,0.7535816618911166
Precision,0.9752368919772584
Recall,0.9889814221652786
F1,0.98206106870229
Prevalence,0.94445788964182
Detection Rate,0.9340513068731849
Detection Prevalence,0.9577686350435625
Balanced Accuracy,0.7809830858103082
