metric,value
Sensitivity,0.9399684044233807
Specificity,0.7550274223034735
Pos Pred Value,0.8987915407854985
Neg Pred Value,0.8445807770961146
Precision,0.8987915407854985
Recall,0.9399684044233807
F1,0.9189189189189189
Prevalence,0.6982901268615554
Detection Rate,0.6563706563706564
Detection Prevalence,0.7302813017098732
Balanced Accuracy,0.8474979133634271
