label,recall,support
Botnet,0.9888361349929424,7793
Normal,0.8110403397027601,471
