metric,value
Sensitivity,0.9845460399227302
Specificity,0.8196392785571143
Pos Pred Value,0.9883645765998708
Neg Pred Value,0.7731568998109636
Precision,0.9883645765998708
Recall,0.9845460399227302
F1,0.9864516129032258
Prevalence,0.9396176185866408
Detection Rate,0.9250968054211036
Detection Prevalence,0.9359874152952565
Balanced Accuracy,0.9020926592399222
