metric,value
Sensitivity,0.9897514732257238
Specificity,0.6157205240174672
Pos Pred Value,0.9777271576815996
Neg Pred Value,0.779005524861878
Precision,0.9777271576815996
Recall,0.9897514732257238
F1,0.983702571937866
Prevalence,0.9445788964181994
Detection Rate,0.9348983543078412
Detection Prevalence,0.9561955469506292
Balanced Accuracy,0.8027359986215955
