metric,value
Sensitivity,0.991994835377663
Specificity,0.5279383429672447
Pos Pred Value,0.9690968718466196
Neg Pred Value,0.81547619047619
Precision,0.9690968718466195
Recall,0.991994835377663
F1,0.98041217380208
Prevalence,0.9371974830590513
Detection Rate,0.9296950629235237
Detection Prevalence,0.9593417231364957
Balanced Accuracy,0.7599665891724539
