metric,value
Sensitivity,0.8333333333333334
Specificity,0.9491525423728814
Pos Pred Value,0.9523809523809524
Neg Pred Value,0.823529411764706
Precision,0.9523809523809523
Recall,0.8333333333333334
F1,0.888888888888889
Prevalence,0.549618320610687
Detection Rate,0.4580152671755725
Detection Prevalence,0.48091603053435117
Balanced Accuracy,0.8912429378531074
