label,recall,support
Botnet,0.9904896542860815,7781
Normal,0.577639751552795,483
