metric,value
Sensitivity,0.9914212548015365
Specificity,0.42070484581497797
Pos Pred Value,0.9671496377716713
Neg Pred Value,0.7403100775193807
Precision,0.9671496377716713
Recall,0.9914212548015365
F1,0.9791350531107741
Prevalence,0.9450629235237173
Detection Rate,0.9369554695062924
Detection Prevalence,0.9687802516940949
Balanced Accuracy,0.7060630503082572
