metric,value
Sensitivity,0.9888418622547134
Specificity,0.6188436830835118
Pos Pred Value,0.9774340770791076
Neg Pred Value,0.7686170212765961
Precision,0.9774340770791075
Recall,0.9888418622547134
F1,0.9831048772712782
Prevalence,0.9434898354307841
Detection Rate,0.9329622458857696
Detection Prevalence,0.9545014520813165
Balanced Accuracy,0.8038427726691126
