label,recall,support
Botnet,0.9909967845659164,7775
Normal,0.5705521472392638,489
