metric,value
Sensitivity,0.9890322580645161
Specificity,0.6614785992217899
Pos Pred Value,0.977803291236127
Neg Pred Value,0.7999999999999996
Precision,0.9778032912361271
Recall,0.9890322580645161
F1,0.9833857207004939
Prevalence,0.9378025169409487
Detection Rate,0.9275169409486931
Detection Prevalence,0.9485721200387222
Balanced Accuracy,0.825255428643153
