metric,value
Sensitivity,0.9498825371965545
Specificity,0.8134328358208955
Pos Pred Value,0.9238385376999239
Neg Pred Value,0.872
Precision,0.9238385376999239
Recall,0.9498825371965545
F1,0.9366795366795367
Prevalence,0.704357418643133
Detection Rate,0.6690568119139547
Detection Prevalence,0.7242140099282957
Balanced Accuracy,0.881657686508725
