label,recall,support
Botnet,0.9860417467025228,7809
Normal,0.8087912087912088,455
