label,recall,support
Botnet,0.9904847627619905,7777
Normal,0.7515400410677618,487
