metric,value
Sensitivity,0.9821313793546729
Specificity,0.8247422680412371
Pos Pred Value,0.9889967637540453
Neg Pred Value,0.7421150278293139
Precision,0.9889967637540453
Recall,0.9821313793546729
F1,0.9855521155830754
Prevalence,0.9413117134559535
Detection Rate,0.9244917715392061
Detection Prevalence,0.9347773475314618
Balanced Accuracy,0.903436823697955
