metric,value
Sensitivity,0.9905030800821355
Specificity,0.5911016949152542
Pos Pred Value,0.9756035899380608
Neg Pred Value,0.7903682719546739
Precision,0.975603589938061
Recall,0.9905030800821355
F1,0.9829968795771508
Prevalence,0.9428848015488868
Detection Rate,0.9339303000968054
Detection Prevalence,0.9572846079380445
Balanced Accuracy,0.7908023874986949
