metric,value
Sensitivity,0.9919189327860441
Specificity,0.5662393162393162
Pos Pred Value,0.9744203629032258
Neg Pred Value,0.8079268292682932
Precision,0.9744203629032258
Recall,0.9919189327860441
F1,0.9830917874396135
Prevalence,0.9433688286544046
Detection Rate,0.9357454017424975
Detection Prevalence,0.9603097773475314
Balanced Accuracy,0.7790791245126802
