metric,value
Sensitivity,0.950597609561753
Specificity,0.8602150537634409
Pos Pred Value,0.938630999213218
Neg Pred Value,0.8856088560885609
Precision,0.9386309992132179
Recall,0.950597609561753
F1,0.9445764053840063
Prevalence,0.692222835079978
Detection Rate,0.6580253723110866
Detection Prevalence,0.7010479867622724
Balanced Accuracy,0.9054063316625969
