label,recall,support
Botnet,0.9894628630172192,7782
Normal,0.5560165975103735,482
