label,recall,support
Botnet,0.9904896542860815,7781
Normal,0.5714285714285714,483
