label,recall,support
Botnet,0.9925373134328358,7772
Normal,0.32723577235772355,492
