metric,value
Sensitivity,0.9361532322426177
Specificity,0.825
Pos Pred Value,0.9228953579858379
Neg Pred Value,0.8523985239852399
Precision,0.9228953579858379
Recall,0.9361532322426177
F1,0.9294770206022188
Prevalence,0.6911196911196911
Detection Rate,0.6469939327082185
Detection Prevalence,0.7010479867622724
Balanced Accuracy,0.8805766161213089
