metric,value
Sensitivity,0.9919261822376009
Specificity,0.4642082429501085
Pos Pred Value,0.9690747464630024
Neg Pred Value,0.7725631768953057
Precision,0.9690747464630024
Recall,0.9919261822376009
F1,0.9803673210892969
Prevalence,0.944215876089061
Detection Rate,0.9365924491771539
Detection Prevalence,0.9664811229428848
Balanced Accuracy,0.7280672125938547
