metric,value
Sensitivity,0.9919292851652575
Specificity,0.37336244541484714
Pos Pred Value,0.9642590286425902
Neg Pred Value,0.7307692307692304
Precision,0.9642590286425903
Recall,0.9919292851652575
F1,0.9778984592068704
Prevalence,0.9445788964181994
Detection Rate,0.9369554695062924
Detection Prevalence,0.9716844143272023
Balanced Accuracy,0.6826458652900523
