metric,value
Sensitivity,0.9907573812580232
Specificity,0.5907172995780591
Pos Pred Value,0.9754802831142568
Neg Pred Value,0.7954545454545463
Precision,0.9754802831142568
Recall,0.9907573812580232
F1,0.9830594828684245
Prevalence,0.9426427879961278
Detection Rate,0.9339303000968054
Detection Prevalence,0.957405614714424
Balanced Accuracy,0.7907373404180411
