metric,value
Sensitivity,0.9896551724137931
Specificity,0.5783410138248848
Pos Pred Value,0.976928895612708
Neg Pred Value,0.7560240963855417
Precision,0.976928895612708
Recall,0.9896551724137931
F1,0.9832508564902932
Prevalence,0.9474830590513069
Detection Rate,0.9376815101645692
Detection Prevalence,0.9598257502420136
Balanced Accuracy,0.7839980931193389
