label,recall,support
Botnet,0.9861200359850919,7781
Normal,0.8385093167701864,483
