label,recall,support
Botnet,0.9900964630225081,7775
Normal,0.7750511247443763,489
