label,recall,support
Botnet,0.991994835377663,7745
Normal,0.5279383429672447,519
