label,recall,support
Botnet,0.9899961523662947,7797
Normal,0.5674518201284796,467
