metric,value
Sensitivity,0.9848426461143224
Specificity,0.8079331941544885
Pos Pred Value,0.9881428019074623
Neg Pred Value,0.7663366336633658
Precision,0.9881428019074623
Recall,0.9848426461143224
F1,0.9864899639732373
Prevalence,0.9420377541142304
Detection Rate,0.9277589545014521
Detection Prevalence,0.938891577928364
Balanced Accuracy,0.8963879201344054
