label,recall,support
Botnet,0.991737671056029,7746
Normal,0.4517374517374517,518
