label,recall,support
Botnet,0.989207246563022,7783
Normal,0.501039501039501,481
