label,recall,support
Botnet,0.9897304236200257,7790
Normal,0.7953586497890295,474
