metric,value
Sensitivity,0.9891975308641975
Specificity,0.5409836065573771
Pos Pred Value,0.9717028802425467
Neg Pred Value,0.7586206896551717
Precision,0.9717028802425467
Recall,0.9891975308641975
F1,0.9803721641600814
Prevalence,0.9409486931268151
Detection Rate,0.930784123910939
Detection Prevalence,0.957889641819942
Balanced Accuracy,0.7650905687107873
