metric,value
Sensitivity,0.9888418622547134
Specificity,0.7516059957173448
Pos Pred Value,0.9851776130845898
Neg Pred Value,0.801369863013699
Precision,0.9851776130845898
Recall,0.9888418622547134
F1,0.9870063368111119
Prevalence,0.9434898354307841
Detection Rate,0.9329622458857696
Detection Prevalence,0.9469990319457889
Balanced Accuracy,0.8702239289860291
