metric,value
Sensitivity,0.992051282051282
Specificity,0.5883620689655172
Pos Pred Value,0.9759112120065582
Neg Pred Value,0.8149253731343278
Precision,0.9759112120065582
Recall,0.992051282051282
F1,0.9839150613516434
Prevalence,0.9438528557599225
Detection Rate,0.936350435624395
Detection Prevalence,0.9594627299128751
Balanced Accuracy,0.7902066755083996
