label,recall,support
Botnet,0.9891905803628877,7771
Normal,0.5679513184584178,493
