metric,value
Sensitivity,0.9518760195758564
Specificity,0.8568994889267462
Pos Pred Value,0.9328537170263789
Neg Pred Value,0.895017793594306
Precision,0.9328537170263789
Recall,0.9518760195758564
F1,0.9422688736374647
Prevalence,0.6762272476558191
Detection Rate,0.643684500827358
Detection Prevalence,0.6900165471594043
Balanced Accuracy,0.9043877542513012
