metric,value
Sensitivity,0.9918939783839423
Specificity,0.508130081300813
Pos Pred Value,0.9695635769085649
Neg Pred Value,0.798722044728434
Precision,0.969563576908565
Recall,0.9918939783839423
F1,0.9806016663486612
Prevalence,0.9404646660212972
Detection Rate,0.9328412391093901
Detection Prevalence,0.9621248789932236
Balanced Accuracy,0.7500120298423777
