metric,value
Sensitivity,0.9906024716786818
Specificity,0.5745967741935484
Pos Pred Value,0.9733114090564128
Neg Pred Value,0.7960893854748601
Precision,0.9733114090564129
Recall,0.9906024716786818
F1,0.9818808217430139
Prevalence,0.9399806389157793
Detection Rate,0.9311471442400775
Detection Prevalence,0.9566795740561471
Balanced Accuracy,0.7825996229361151
