metric,value
Sensitivity,0.9892252437147255
Specificity,0.5405982905982906
Pos Pred Value,0.9728775072536899
Neg Pred Value,0.7507418397626118
Precision,0.9728775072536899
Recall,0.9892252437147255
F1,0.9809832729122941
Prevalence,0.9433688286544046
Detection Rate,0.9332042594385286
Detection Prevalence,0.9592207163601162
Balanced Accuracy,0.764911767156508
