metric,value
Sensitivity,0.9891905803628877
Specificity,0.5679513184584178
Pos Pred Value,0.9730379746835444
Neg Pred Value,0.769230769230769
Precision,0.9730379746835442
Recall,0.9891905803628877
F1,0.9810477952906642
Prevalence,0.9403436592449177
Detection Rate,0.9301790900290416
Detection Prevalence,0.9559535333978703
Balanced Accuracy,0.7785709494106527
