label,recall,support
Botnet,0.9896033885252215,7791
Normal,0.627906976744186,473
