metric,value
Sensitivity,0.9886845827439887
Specificity,0.6078028747433265
Pos Pred Value,0.9757614213197969
Neg Pred Value,0.7708333333333343
Precision,0.9757614213197969
Recall,0.9886845827439887
F1,0.9821804943475761
Prevalence,0.9410696999031946
Detection Rate,0.9304211035818006
Detection Prevalence,0.9535333978702807
Balanced Accuracy,0.7982437287436577
