metric,value
Sensitivity,0.9909021014864172
Specificity,0.5369565217391304
Pos Pred Value,0.9731940599043545
Neg Pred Value,0.7767295597484276
Precision,0.9731940599043544
Recall,0.9909021014864172
F1,0.981968253968254
Prevalence,0.9443368828654405
Detection Rate,0.9357454017424975
Detection Prevalence,0.9615198451113263
Balanced Accuracy,0.7639293116127739
