label,recall,support
Botnet,0.9921563584929921,7777
Normal,0.5708418891170431,487
