label,recall,support
Botnet,0.9885530546623794,7775
Normal,0.7525562372188139,489
