label,recall,support
Botnet,0.9917811737511236,7787
Normal,0.3668763102725367,477
