metric,value
Sensitivity,0.934850863422292
Specificity,0.686456400742115
Pos Pred Value,0.8757352941176472
Neg Pred Value,0.8167770419426048
Precision,0.8757352941176471
Recall,0.934850863422292
F1,0.9043280182232346
Prevalence,0.7027027027027027
Detection Rate,0.6569222283507998
Detection Prevalence,0.7501378929950359
Balanced Accuracy,0.8106536320822035
