label,recall,support
Botnet,0.9903350515463918,7760
Normal,0.5456349206349206,504
