metric,value
Sensitivity,0.938985736925515
Specificity,0.8784029038112523
Pos Pred Value,0.9464856230031949
Neg Pred Value,0.8627450980392156
Precision,0.9464856230031949
Recall,0.938985736925515
F1,0.9427207637231505
Prevalence,0.6960838389409818
Detection Rate,0.6536127964699393
Detection Prevalence,0.6905681191395477
Balanced Accuracy,0.9086943203683837
