metric,value
Sensitivity,0.933969769291965
Specificity,0.841726618705036
Pos Pred Value,0.93026941362916
Neg Pred Value,0.8493647912885661
Precision,0.93026941362916
Recall,0.933969769291965
F1,0.9321159190154824
Prevalence,0.6933259790402647
Detection Rate,0.6475455046883618
Detection Prevalence,0.6960838389409818
Balanced Accuracy,0.8878481939985005
