metric,value
Sensitivity,0.9461663947797716
Specificity,0.8926746166950597
Pos Pred Value,0.9484873262469337
Neg Pred Value,0.888135593220339
Precision,0.9484873262469338
Recall,0.9461663947797716
F1,0.9473254389546754
Prevalence,0.6762272476558191
Detection Rate,0.6398234969663541
Detection Prevalence,0.6745725317153889
Balanced Accuracy,0.9194205057374156
