metric,value
Sensitivity,0.9395604395604396
Specificity,0.6808905380333952
Pos Pred Value,0.8743608473338204
Neg Pred Value,0.8265765765765766
Precision,0.8743608473338204
Recall,0.9395604395604396
F1,0.9057888762769579
Prevalence,0.7027027027027027
Detection Rate,0.6602316602316602
Detection Prevalence,0.7551020408163265
Balanced Accuracy,0.8102254887969174
