label,recall,support
Botnet,0.9914981321654,7763
Normal,0.5489021956087824,501
