metric,value
Sensitivity,0.9480830670926518
Specificity,0.9126559714795008
Pos Pred Value,0.9603559870550161
Neg Pred Value,0.8873483535528597
Precision,0.9603559870550162
Recall,0.9480830670926518
F1,0.9541800643086816
Prevalence,0.6905681191395477
Detection Rate,0.6547159404302262
Detection Prevalence,0.6817429674572532
Balanced Accuracy,0.9303695192860764
