metric,value
Sensitivity,0.9884600589819208
Specificity,0.7935483870967742
Pos Pred Value,0.9877001921844971
Neg Pred Value,0.8039215686274513
Precision,0.9877001921844971
Recall,0.9884600589819208
F1,0.9880799794924379
Prevalence,0.9437318489835431
Detection Rate,0.9328412391093901
Detection Prevalence,0.94445788964182
Balanced Accuracy,0.8910042230393476
