label,recall,support
Botnet,0.991510162078724,7774
Normal,0.5448979591836735,490
