label,recall,support
Botnet,0.9892986075296545,7756
Normal,0.6043307086614174,508
