label,recall,support
Botnet,0.98997042561399,7777
Normal,0.5544147843942505,487
