label,recall,support
Botnet,0.9903846153846154,7800
Normal,0.5775862068965517,464
