metric,value
Sensitivity,0.9918971061093248
Specificity,0.46830265848670755
Pos Pred Value,0.9673858504766685
Neg Pred Value,0.7842465753424664
Precision,0.9673858504766684
Recall,0.9918971061093248
F1,0.9794881564742491
Prevalence,0.9408276863504357
Detection Rate,0.9332042594385286
Detection Prevalence,0.9646660212971926
Balanced Accuracy,0.7300998822980161
