metric,value
Sensitivity,0.9888160431932125
Specificity,0.5773195876288659
Pos Pred Value,0.9740407749778397
Neg Pred Value,0.7629427792915527
Precision,0.9740407749778397
Recall,0.9888160431932125
F1,0.9813727991834652
Prevalence,0.9413117134559535
Detection Rate,0.930784123910939
Detection Prevalence,0.9555905130687319
Balanced Accuracy,0.7830678154110392
