metric,value
Sensitivity,0.9342948717948718
Specificity,0.8938053097345132
Pos Pred Value,0.9510603588907014
Neg Pred Value,0.8603066439522998
Precision,0.9510603588907015
Recall,0.9342948717948718
F1,0.9426030719482619
Prevalence,0.6883618312189741
Detection Rate,0.6431329288472145
Detection Prevalence,0.6762272476558191
Balanced Accuracy,0.9140500907646925
