metric,value
Sensitivity,0.9406021155410903
Specificity,0.7243150684931506
Pos Pred Value,0.8777524677296886
Neg Pred Value,0.8528225806451614
Precision,0.8777524677296887
Recall,0.9406021155410903
F1,0.908091123330715
Prevalence,0.6778819635962493
Detection Rate,0.6376172090457805
Detection Prevalence,0.7264202978488693
Balanced Accuracy,0.8324585920171205
