metric,value
Sensitivity,0.9911583803177858
Specificity,0.7456521739130435
Pos Pred Value,0.9850993377483444
Neg Pred Value,0.832524271844661
Precision,0.9850993377483444
Recall,0.9911583803177858
F1,0.9881195707715893
Prevalence,0.9443368828654405
Detection Rate,0.9359874152952565
Detection Prevalence,0.9501452081316554
Balanced Accuracy,0.8684052771154147
