metric,value
Sensitivity,0.9450726978998385
Specificity,0.7443478260869565
Pos Pred Value,0.888382687927107
Neg Pred Value,0.8629032258064516
Precision,0.8883826879271071
Recall,0.9450726978998385
F1,0.9158512720156556
Prevalence,0.68284611141754
Detection Rate,0.6453392167677882
Detection Prevalence,0.7264202978488693
Balanced Accuracy,0.8447102619933975
