metric,value
Sensitivity,0.9361022364217252
Specificity,0.8716577540106952
Pos Pred Value,0.9421221864951769
Neg Pred Value,0.8594024604569418
Precision,0.9421221864951769
Recall,0.9361022364217252
F1,0.9391025641025641
Prevalence,0.6905681191395477
Detection Rate,0.646442360728075
Detection Prevalence,0.6861555432984004
Balanced Accuracy,0.9038799952162102
