metric,value
Sensitivity,0.9924154775678108
Specificity,0.4556701030927835
Pos Pred Value,0.966933867735471
Neg Pred Value,0.7892857142857146
Precision,0.966933867735471
Recall,0.9924154775678108
F1,0.9795089767176299
Prevalence,0.9413117134559535
Detection Rate,0.9341723136495643
Detection Prevalence,0.9661181026137464
Balanced Accuracy,0.7240427903302972
