label,recall,support
Botnet,0.9884600589819208,7799
Normal,0.7935483870967742,465
