label,recall,support
Botnet,0.9890647111797247,7773
Normal,0.7983706720977597,491
