metric,value
Sensitivity,0.9416466826538769
Specificity,0.8629893238434164
Pos Pred Value,0.9386454183266932
Neg Pred Value,0.8691756272401433
Precision,0.9386454183266932
Recall,0.9416466826538769
F1,0.9401436552274541
Prevalence,0.6900165471594043
Detection Rate,0.6497517926089355
Detection Prevalence,0.692222835079978
Balanced Accuracy,0.9023180032486466
