metric,value
Sensitivity,0.9423835832675612
Specificity,0.7124542124542125
Pos Pred Value,0.8837897853441895
Neg Pred Value,0.8419913419913421
Precision,0.8837897853441895
Recall,0.9423835832675612
F1,0.9121466768525592
Prevalence,0.6988416988416989
Detection Rate,0.65857694429123
Detection Prevalence,0.7451737451737451
Balanced Accuracy,0.8274188978608868
