metric,value
Sensitivity,0.9903586579251832
Specificity,0.5608247422680412
Pos Pred Value,0.9730958696475939
Neg Pred Value,0.7838616714697406
Precision,0.9730958696475938
Recall,0.9903586579251832
F1,0.9816513761467889
Prevalence,0.9413117134559535
Detection Rate,0.9322362052274927
Detection Prevalence,0.9580106485963213
Balanced Accuracy,0.7755917000966122
