metric,value
Sensitivity,0.989335731722986
Specificity,0.5883575883575883
Pos Pred Value,0.9749303621169916
Neg Pred Value,0.7732240437158462
Precision,0.9749303621169917
Recall,0.989335731722986
F1,0.9820802244754798
Prevalence,0.9417957405614714
Detection Rate,0.9317521781219749
Detection Prevalence,0.9557115198451114
Balanced Accuracy,0.7888466600402871
