metric,value
Sensitivity,0.9925373134328358
Specificity,0.45528455284552843
Pos Pred Value,0.9664244550238036
Neg Pred Value,0.7943262411347513
Precision,0.9664244550238036
Recall,0.9925373134328358
F1,0.9793068427066142
Prevalence,0.9404646660212972
Detection Rate,0.9334462729912875
Detection Prevalence,0.9658760890609874
Balanced Accuracy,0.7239109331391821
