metric,value
Sensitivity,0.9900939148333977
Specificity,0.5885947046843177
Pos Pred Value,0.9744239047860218
Neg Pred Value,0.7896174863387986
Precision,0.9744239047860218
Recall,0.9900939148333977
F1,0.9821964137578968
Prevalence,0.9405856727976767
Detection Rate,0.9312681510164569
Detection Prevalence,0.9557115198451114
Balanced Accuracy,0.7893443097588577
