label,recall,support
Botnet,0.9915123456790124,7776
Normal,0.8012295081967213,488
