label,recall,support
Botnet,0.9889602053915276,7790
Normal,0.820675105485232,474
