metric,value
Sensitivity,0.9380530973451328
Specificity,0.8596491228070176
Pos Pred Value,0.9357945425361156
Neg Pred Value,0.8641975308641976
Precision,0.9357945425361156
Recall,0.9380530973451328
F1,0.9369224588188027
Prevalence,0.685603971318257
Detection Rate,0.6431329288472145
Detection Prevalence,0.6872586872586872
Balanced Accuracy,0.8988511100760752
