metric,value
Sensitivity,0.9915123456790124
Specificity,0.8012295081967213
Pos Pred Value,0.9875752529780966
Neg Pred Value,0.8555798687089718
Precision,0.9875752529780966
Recall,0.9915123456790124
F1,0.9895398832060579
Prevalence,0.9409486931268151
Detection Rate,0.9329622458857696
Detection Prevalence,0.9446999031945789
Balanced Accuracy,0.8963709269378668
