metric,value
Sensitivity,0.9854960852265434
Specificity,0.8224101479915433
Pos Pred Value,0.9891780468951301
Neg Pred Value,0.7749003984063741
Precision,0.9891780468951301
Recall,0.9854960852265434
F1,0.9873336333826273
Prevalence,0.9427637947725073
Detection Rate,0.9290900290416263
Detection Prevalence,0.9392545982575025
Balanced Accuracy,0.9039531166090433
