metric,value
Sensitivity,0.9589153656532456
Specificity,0.7046979865771812
Pos Pred Value,0.8689501116902456
Neg Pred Value,0.8936170212765957
Precision,0.8689501116902457
Recall,0.9589153656532456
F1,0.9117187499999999
Prevalence,0.6712630998345284
Detection Rate,0.643684500827358
Detection Prevalence,0.740761169332598
Balanced Accuracy,0.8318066761152134
