metric,value
Sensitivity,0.9924388055875946
Specificity,0.527114967462039
Pos Pred Value,0.9726199447375031
Neg Pred Value,0.804635761589405
Precision,0.9726199447375031
Recall,0.9924388055875946
F1,0.9824294322867112
Prevalence,0.944215876089061
Detection Rate,0.9370764762826719
Detection Prevalence,0.9634559535333979
Balanced Accuracy,0.7597768865248168
