metric,value
Sensitivity,0.950626959247649
Specificity,0.8659217877094972
Pos Pred Value,0.9439688715953307
Neg Pred Value,0.8806818181818182
Precision,0.9439688715953307
Recall,0.950626959247649
F1,0.9472862163217494
Prevalence,0.7038058466629895
Detection Rate,0.6690568119139547
Detection Prevalence,0.7087699944842802
Balanced Accuracy,0.9082743734785731
