metric,value
Sensitivity,0.9408906882591093
Specificity,0.8166089965397924
Pos Pred Value,0.916403785488959
Neg Pred Value,0.8660550458715596
Precision,0.916403785488959
Recall,0.9408906882591093
F1,0.9284858170195763
Prevalence,0.6811913954771097
Detection Rate,0.640926640926641
Detection Prevalence,0.6993932708218422
Balanced Accuracy,0.8787498423994509
