metric,value
Sensitivity,0.9493739793140991
Specificity,0.8561721404303511
Pos Pred Value,0.9321218599679315
Neg Pred Value,0.8904593639575972
Precision,0.9321218599679316
Recall,0.9493739793140991
F1,0.9406688241639699
Prevalence,0.6753676470588236
Detection Rate,0.6411764705882353
Detection Prevalence,0.6878676470588235
Balanced Accuracy,0.902773059872225
