label,recall,support
Botnet,0.9912731006160165,7792
Normal,0.4936440677966102,472
