metric,value
Sensitivity,0.986392811296534
Specificity,0.7932489451476793
Pos Pred Value,0.9874068362888717
Neg Pred Value,0.7800829875518671
Precision,0.9874068362888717
Recall,0.986392811296534
F1,0.9868995633187773
Prevalence,0.9426427879961278
Detection Rate,0.9298160696999032
Detection Prevalence,0.9416747337850919
Balanced Accuracy,0.8898208782221066
