metric,value
Sensitivity,0.9359177215189873
Specificity,0.8469945355191257
Pos Pred Value,0.9337016574585635
Neg Pred Value,0.8516483516483517
Precision,0.9337016574585635
Recall,0.9359177215189873
F1,0.9348083761359146
Prevalence,0.6971869829012686
Detection Rate,0.6525096525096525
Detection Prevalence,0.6988416988416989
Balanced Accuracy,0.8914561285190565
