metric,value
Sensitivity,0.9905091701936642
Specificity,0.582441113490364
Pos Pred Value,0.9753725688305128
Neg Pred Value,0.7861271676300581
Precision,0.9753725688305127
Recall,0.9905091701936642
F1,0.9828825962456252
Prevalence,0.9434898354307841
Detection Rate,0.9345353339787028
Detection Prevalence,0.9581316553727008
Balanced Accuracy,0.7864751418420142
