metric,value
Sensitivity,0.9882852729145211
Specificity,0.8125
Pos Pred Value,0.988030888030888
Neg Pred Value,0.8157894736842098
Precision,0.988030888030888
Recall,0.9882852729145211
F1,0.9881580641009138
Prevalence,0.9399806389157793
Detection Rate,0.9289690222652468
Detection Prevalence,0.9402226524685382
Balanced Accuracy,0.9003926364572605
