metric,value
Sensitivity,0.9910290913751121
Specificity,0.5206073752711496
Pos Pred Value,0.9722152376162937
Neg Pred Value,0.7741935483870958
Precision,0.9722152376162937
Recall,0.9910290913751121
F1,0.9815320175160246
Prevalence,0.944215876089061
Detection Rate,0.9357454017424975
Detection Prevalence,0.962487899322362
Balanced Accuracy,0.7558182333231309
