metric,value
Sensitivity,0.9888332691567193
Specificity,0.7547568710359408
Pos Pred Value,0.9851662404092072
Neg Pred Value,0.8040540540540544
Precision,0.9851662404092072
Recall,0.9888332691567193
F1,0.9869963487284608
Prevalence,0.9427637947725073
Detection Rate,0.9322362052274927
Detection Prevalence,0.9462729912875121
Balanced Accuracy,0.8717950700963301
