metric,value
Sensitivity,0.9459677419354838
Specificity,0.8743455497382199
Pos Pred Value,0.9421686746987952
Neg Pred Value,0.8820422535211266
Precision,0.9421686746987952
Recall,0.9459677419354838
F1,0.9440643863179076
Prevalence,0.6839492553778268
Detection Rate,0.6469939327082185
Detection Prevalence,0.6867071152785439
Balanced Accuracy,0.9101566458368519
