metric,value
Sensitivity,0.9939619732785201
Specificity,0.31875
Pos Pred Value,0.9594494047619048
Neg Pred Value,0.7650000000000016
Precision,0.9594494047619048
Recall,0.9939619732785201
F1,0.9764008076728925
Prevalence,0.9419167473378509
Detection Rate,0.9362294288480155
Detection Prevalence,0.9757986447241046
Balanced Accuracy,0.6563559866392601
