metric,value
Sensitivity,0.9416796267496111
Specificity,0.8273244781783681
Pos Pred Value,0.9301075268817204
Neg Pred Value,0.8532289628180039
Precision,0.9301075268817204
Recall,0.9416796267496111
F1,0.9358578052550232
Prevalence,0.7093215664644236
Detection Rate,0.667953667953668
Detection Prevalence,0.7181467181467182
Balanced Accuracy,0.8845020524639896
