metric,value
Sensitivity,0.947452229299363
Specificity,0.7199281867145422
Pos Pred Value,0.8841010401188707
Neg Pred Value,0.8586723768736616
Precision,0.8841010401188707
Recall,0.947452229299363
F1,0.9146810146041506
Prevalence,0.6927744070601214
Detection Rate,0.6563706563706564
Detection Prevalence,0.7424158852730282
Balanced Accuracy,0.8336902080069526
