metric,value
Sensitivity,0.9339774557165862
Specificity,0.6795096322241682
Pos Pred Value,0.8637379002233805
Neg Pred Value,0.8255319148936172
Precision,0.8637379002233805
Recall,0.9339774557165862
F1,0.8974854932301741
Prevalence,0.6850523993381136
Detection Rate,0.6398234969663541
Detection Prevalence,0.740761169332598
Balanced Accuracy,0.8067435439703772
