metric,value
Sensitivity,0.9917959235995385
Specificity,0.5485961123110151
Pos Pred Value,0.9736974578404228
Neg Pred Value,0.7987421383647796
Precision,0.9736974578404228
Recall,0.9917959235995385
F1,0.9826633644503715
Prevalence,0.943973862536302
Detection Rate,0.9362294288480155
Detection Prevalence,0.9615198451113263
Balanced Accuracy,0.7701960179552768
