label,recall,support
Botnet,0.9898821721311475,7808
Normal,0.6074561403508771,456
