metric,value
Sensitivity,0.9891989198919892
Specificity,0.5441478439425051
Pos Pred Value,0.971951989892609
Neg Pred Value,0.7593123209169048
Precision,0.971951989892609
Recall,0.9891989198919892
F1,0.9804996176395615
Prevalence,0.9410696999031946
Detection Rate,0.9309051306873185
Detection Prevalence,0.9577686350435625
Balanced Accuracy,0.7666733819172471
