metric,value
Sensitivity,0.9402261712439418
Specificity,0.8904347826086957
Pos Pred Value,0.9486552567237163
Neg Pred Value,0.8737201365187712
Precision,0.9486552567237164
Recall,0.9402261712439418
F1,0.944421906693712
Prevalence,0.68284611141754
Detection Rate,0.6420297848869277
Detection Prevalence,0.6767788196359625
Balanced Accuracy,0.9153304769263187
