metric,value
Sensitivity,0.9501187648456056
Specificity,0.7163636363636363
Pos Pred Value,0.8849557522123894
Neg Pred Value,0.8621444201312909
Precision,0.8849557522123894
Recall,0.9501187648456056
F1,0.9163802978235968
Prevalence,0.6966354109211252
Detection Rate,0.6618863761720905
Detection Prevalence,0.7479316050744622
Balanced Accuracy,0.833241200604621
