label,recall,support
Botnet,0.9898613963039015,7792
Normal,0.5296610169491526,472
