metric,value
Sensitivity,0.9196499602227526
Specificity,0.7212230215827338
Pos Pred Value,0.881769641495042
Neg Pred Value,0.7988047808764941
Precision,0.881769641495042
Recall,0.9196499602227526
F1,0.9003115264797508
Prevalence,0.6933259790402647
Detection Rate,0.6376172090457805
Detection Prevalence,0.7231108659680088
Balanced Accuracy,0.8204364909027432
