metric,value
Sensitivity,0.9504065040650407
Specificity,0.8336192109777015
Pos Pred Value,0.9233807266982623
Neg Pred Value,0.8884826325411335
Precision,0.9233807266982622
Recall,0.9504065040650407
F1,0.936698717948718
Prevalence,0.6784335355763927
Detection Rate,0.6447876447876448
Detection Prevalence,0.6982901268615554
Balanced Accuracy,0.892012857521371
