metric,value
Sensitivity,0.9555728760717069
Specificity,0.7264150943396226
Pos Pred Value,0.8942377826404084
Neg Pred Value,0.8710407239819005
Precision,0.8942377826404084
Recall,0.9555728760717069
F1,0.9238884702336096
Prevalence,0.7076668505239934
Detection Rate,0.6762272476558191
Detection Prevalence,0.7562051847766134
Balanced Accuracy,0.8409939852056647
