metric,value
Sensitivity,0.9925373134328358
Specificity,0.32723577235772355
Pos Pred Value,0.9588564325668117
Neg Pred Value,0.7351598173515976
Precision,0.9588564325668116
Recall,0.9925373134328358
F1,0.9754062085098312
Prevalence,0.9404646660212972
Detection Rate,0.9334462729912875
Detection Prevalence,0.9734995159728945
Balanced Accuracy,0.6598865428952797
