metric,value
Sensitivity,0.9358460304731355
Specificity,0.823321554770318
Pos Pred Value,0.9210734017363851
Neg Pred Value,0.8534798534798534
Precision,0.9210734017363852
Recall,0.9358460304731355
F1,0.928400954653938
Prevalence,0.6878102592388307
Detection Rate,0.643684500827358
Detection Prevalence,0.6988416988416989
Balanced Accuracy,0.8795837926217267
