metric,value
Sensitivity,0.946051602814699
Specificity,0.8558052434456929
Pos Pred Value,0.9401709401709402
Neg Pred Value,0.8688212927756656
Precision,0.9401709401709402
Recall,0.946051602814699
F1,0.9431021044427124
Prevalence,0.7054605626034197
Detection Rate,0.6674020959735245
Detection Prevalence,0.709873138444567
Balanced Accuracy,0.9009284231301959
