label,recall,support
Botnet,0.9905298182748912,7814
Normal,0.6155555555555555,450
