label,recall,support
Botnet,0.9894979508196722,7808
Normal,0.7697368421052632,456
