metric,value
Sensitivity,0.9890308426893792
Specificity,0.6116504854368932
Pos Pred Value,0.9745676500508648
Neg Pred Value,0.7874999999999994
Precision,0.9745676500508647
Recall,0.9890308426893792
F1,0.9817459809133413
Prevalence,0.9376815101645692
Detection Rate,0.9273959341723137
Detection Prevalence,0.9515972894482091
Balanced Accuracy,0.8003406640631362
