metric,value
Sensitivity,0.9005658852061439
Specificity,0.859375
Pos Pred Value,0.9322175732217572
Neg Pred Value,0.8009708737864077
Precision,0.9322175732217574
Recall,0.9005658852061439
F1,0.9161184210526316
Prevalence,0.6822945394373966
Detection Rate,0.6144511858797573
Detection Prevalence,0.6591285162713734
Balanced Accuracy,0.8799704426030719
