metric,value
Sensitivity,0.9898522800256905
Specificity,0.7265135699373695
Pos Pred Value,0.9832844200586959
Neg Pred Value,0.8149882903981271
Precision,0.983284420058696
Recall,0.9898522800256905
F1,0.9865574190244527
Prevalence,0.9420377541142304
Detection Rate,0.9324782187802517
Detection Prevalence,0.9483301064859632
Balanced Accuracy,0.85818292498153
