metric,value
Sensitivity,0.9869929169349646
Specificity,0.8056112224448898
Pos Pred Value,0.9875016106171886
Neg Pred Value,0.7992047713717697
Precision,0.9875016106171886
Recall,0.9869929169349646
F1,0.9872471982481
Prevalence,0.9396176185866408
Detection Rate,0.9273959341723137
Detection Prevalence,0.939133591481123
Balanced Accuracy,0.8963020696899272
