metric,value
Sensitivity,0.9920369894682763
Specificity,0.36401673640167365
Pos Pred Value,0.9621325361235675
Neg Pred Value,0.737288135593219
Precision,0.9621325361235675
Recall,0.9920369894682763
F1,0.9768559504236752
Prevalence,0.9421587608906099
Detection Rate,0.9346563407550823
Detection Prevalence,0.9714424007744433
Balanced Accuracy,0.678026862934975
