metric,value
Sensitivity,0.9007936507936508
Specificity,0.8625678119349005
Pos Pred Value,0.9372419488026424
Neg Pred Value,0.792358803986711
Precision,0.9372419488026424
Recall,0.9007936507936508
F1,0.9186564144071226
Prevalence,0.694980694980695
Detection Rate,0.6260341974627689
Detection Prevalence,0.667953667953668
Balanced Accuracy,0.8816807313642756
