metric,value
Sensitivity,0.9885633513235672
Specificity,0.5705394190871369
Pos Pred Value,0.9737974683544303
Neg Pred Value,0.7554945054945057
Precision,0.9737974683544304
Recall,0.9885633513235672
F1,0.9811248565234026
Prevalence,0.9416747337850919
Detection Rate,0.9309051306873185
Detection Prevalence,0.9559535333978703
Balanced Accuracy,0.779551385205352
