label,recall,support
Botnet,0.9872619660319094,7772
Normal,0.6890243902439024,492
