metric,value
Sensitivity,0.9900951890918446
Specificity,0.6020408163265306
Pos Pred Value,0.9752914343639129
Neg Pred Value,0.7930107526881712
Precision,0.9752914343639129
Recall,0.9900951890918446
F1,0.9826375590450658
Prevalence,0.9407066795740562
Detection Rate,0.9313891577928364
Detection Prevalence,0.9549854791868344
Balanced Accuracy,0.7960680027091875
