metric,value
Sensitivity,0.9504716981132075
Specificity,0.866913123844732
Pos Pred Value,0.9437939110070258
Neg Pred Value,0.8815789473684209
Precision,0.9437939110070258
Recall,0.9504716981132075
F1,0.9471210340775559
Prevalence,0.7015995587424159
Detection Rate,0.6668505239933812
Detection Prevalence,0.7065637065637066
Balanced Accuracy,0.9086924109789698
