metric,value
Sensitivity,0.9474509803921569
Specificity,0.7100371747211895
Pos Pred Value,0.8856304985337243
Neg Pred Value,0.8507795100222718
Precision,0.8856304985337243
Recall,0.9474509803921569
F1,0.9154982948086396
Prevalence,0.7032542746828461
Detection Rate,0.6662989520132377
Detection Prevalence,0.7523441809156095
Balanced Accuracy,0.8287440775566732
