metric,value
Sensitivity,0.98997042561399
Specificity,0.5544147843942505
Pos Pred Value,0.9725871652349671
Neg Pred Value,0.775862068965517
Precision,0.9725871652349671
Recall,0.98997042561399
F1,0.9812018097240808
Prevalence,0.9410696999031946
Detection Rate,0.9316311713455954
Detection Prevalence,0.957889641819942
Balanced Accuracy,0.7721926050041202
