label,recall,support
Botnet,0.9895967120472643,7786
Normal,0.5836820083682008,478
