metric,value
Sensitivity,0.9467680608365019
Specificity,0.8873720136518771
Pos Pred Value,0.9462540716612378
Neg Pred Value,0.8883826879271071
Precision,0.9462540716612378
Recall,0.9467680608365019
F1,0.9465109964702687
Prevalence,0.6768382352941177
Detection Rate,0.6408088235294118
Detection Prevalence,0.6772058823529412
Balanced Accuracy,0.9170700372441896
