metric,value
Sensitivity,0.9341085271317829
Specificity,0.7284894837476099
Pos Pred Value,0.894580549368968
Neg Pred Value,0.8175965665236051
Precision,0.894580549368968
Recall,0.9341085271317829
F1,0.9139173302995829
Prevalence,0.7115278543849972
Detection Rate,0.6646442360728075
Detection Prevalence,0.7429674572531716
Balanced Accuracy,0.8312990054396965
