label,recall,support
Botnet,0.9915460484180864,7807
Normal,0.6214442013129103,457
