metric,value
Sensitivity,0.9444885011895321
Specificity,0.7137681159420289
Pos Pred Value,0.8828762045959969
Neg Pred Value,0.8491379310344828
Precision,0.882876204595997
Recall,0.9444885011895321
F1,0.9126436781609195
Prevalence,0.6955322669608384
Detection Rate,0.6569222283507998
Detection Prevalence,0.7440706012134584
Balanced Accuracy,0.8291283085657806
