metric,value
Sensitivity,0.9882897953931283
Specificity,0.7789046653144016
Pos Pred Value,0.9860059057645397
Neg Pred Value,0.8084210526315795
Precision,0.9860059057645397
Recall,0.9882897953931283
F1,0.987146529562982
Prevalence,0.9403436592449177
Detection Rate,0.9293320425943853
Detection Prevalence,0.9425217812197483
Balanced Accuracy,0.8835972303537649
