metric,value
Sensitivity,0.9904847627619905
Specificity,0.7515400410677618
Pos Pred Value,0.9845347648261759
Neg Pred Value,0.8318181818181819
Precision,0.9845347648261759
Recall,0.9904847627619905
F1,0.9875008012306904
Prevalence,0.9410696999031946
Detection Rate,0.9321151984511132
Detection Prevalence,0.9467570183930301
Balanced Accuracy,0.8710124019148762
