metric,value
Sensitivity,0.938610662358643
Specificity,0.8573913043478261
Pos Pred Value,0.9340836012861737
Neg Pred Value,0.8664323374340949
Precision,0.9340836012861736
Recall,0.938610662358643
F1,0.9363416599516519
Prevalence,0.68284611141754
Detection Rate,0.640926640926641
Detection Prevalence,0.6861555432984004
Balanced Accuracy,0.8980009833532345
