metric,value
Sensitivity,0.9350237717908082
Specificity,0.7459165154264973
Pos Pred Value,0.893939393939394
Neg Pred Value,0.8336713995943204
Precision,0.8939393939393939
Recall,0.9350237717908082
F1,0.9140201394268008
Prevalence,0.6960838389409818
Detection Rate,0.6508549365692223
Detection Prevalence,0.7280750137892995
Balanced Accuracy,0.8404701436086528
