metric,value
Sensitivity,0.9897645854657113
Specificity,0.5669642857142857
Pos Pred Value,0.9755359394703658
Neg Pred Value,0.7604790419161671
Precision,0.9755359394703657
Recall,0.9897645854657113
F1,0.9825987552394259
Prevalence,0.9457889641819942
Detection Rate,0.936108422071636
Detection Prevalence,0.9595837366892546
Balanced Accuracy,0.7783644355899986
