metric,value
Sensitivity,0.987589559877175
Specificity,0.8102678571428571
Pos Pred Value,0.9891081496668376
Neg Pred Value,0.7891304347826082
Precision,0.9891081496668375
Recall,0.987589559877175
F1,0.988348271446863
Prevalence,0.9457889641819942
Detection Rate,0.9340513068731849
Detection Prevalence,0.9443368828654405
Balanced Accuracy,0.898928708510016
