metric,value
Sensitivity,0.9915460484180864
Specificity,0.6214442013129103
Pos Pred Value,0.9781400050543341
Neg Pred Value,0.8114285714285719
Precision,0.9781400050543341
Recall,0.9915460484180864
F1,0.9847974047452451
Prevalence,0.9446999031945789
Detection Rate,0.9367134559535334
Detection Prevalence,0.957647628267183
Balanced Accuracy,0.8064951248654983
