label,recall,support
Botnet,0.9873906330416881,7772
Normal,0.7804878048780488,492
