metric,value
Sensitivity,0.9443996776792909
Specificity,0.8374125874125874
Pos Pred Value,0.9264822134387353
Neg Pred Value,0.8740875912408759
Precision,0.9264822134387352
Recall,0.9443996776792909
F1,0.9353551476456504
Prevalence,0.6845008273579702
Detection Rate,0.646442360728075
Detection Prevalence,0.697738554881412
Balanced Accuracy,0.8909061325459391
