metric,value
Sensitivity,0.9895140664961637
Specificity,0.5945945945945946
Pos Pred Value,0.977266986612781
Neg Pred Value,0.7630057803468211
Precision,0.977266986612781
Recall,0.9895140664961637
F1,0.9833523954759182
Prevalence,0.9462729912875121
Detection Rate,0.936350435624395
Detection Prevalence,0.9581316553727008
Balanced Accuracy,0.7920543305453791
