metric,value
Sensitivity,0.9207446808510639
Specificity,0.8595238095238096
Pos Pred Value,0.9361817198485668
Neg Pred Value,0.8289322617680828
Precision,0.9361817198485668
Recall,0.9207446808510639
F1,0.9283990345937249
Prevalence,0.6911764705882353
Detection Rate,0.6363970588235294
Detection Prevalence,0.6797794117647059
Balanced Accuracy,0.8901342451874368
