metric,value
Sensitivity,0.9521531100478469
Specificity,0.7423971377459749
Pos Pred Value,0.8923766816143498
Neg Pred Value,0.8736842105263157
Precision,0.8923766816143498
Recall,0.9521531100478469
F1,0.9212962962962962
Prevalence,0.6916712630998345
Detection Rate,0.65857694429123
Detection Prevalence,0.7380033094318809
Balanced Accuracy,0.847275123896911
