metric,value
Sensitivity,0.9170628631801373
Specificity,0.871825876662636
Pos Pred Value,0.9424538545059719
Neg Pred Value,0.8211845102505695
Precision,0.9424538545059717
Recall,0.9170628631801373
F1,0.9295850066934405
Prevalence,0.6959558823529411
Detection Rate,0.638235294117647
Detection Prevalence,0.6772058823529412
Balanced Accuracy,0.8944443699213867
