metric,value
Sensitivity,0.9325396825396826
Specificity,0.7251356238698011
Pos Pred Value,0.8854559155990958
Neg Pred Value,0.8251028806584362
Precision,0.8854559155990958
Recall,0.9325396825396826
F1,0.9083880943177426
Prevalence,0.694980694980695
Detection Rate,0.6480970766685052
Detection Prevalence,0.7319360176503034
Balanced Accuracy,0.8288376532047419
