metric,value
Sensitivity,0.9922908904021586
Specificity,0.5426195426195426
Pos Pred Value,0.9723026564270427
Neg Pred Value,0.813084112149533
Precision,0.9723026564270427
Recall,0.9922908904021586
F1,0.9821950909322142
Prevalence,0.9417957405614714
Detection Rate,0.9345353339787028
Detection Prevalence,0.9611568247821878
Balanced Accuracy,0.7674552165108506
