label,recall,support
Botnet,0.9897606553180597,7813
Normal,0.5565410199556541,451
