metric,value
Sensitivity,0.9893657911595132
Specificity,0.6143790849673203
Pos Pred Value,0.9775921002658564
Neg Pred Value,0.772602739726028
Precision,0.9775921002658564
Recall,0.9893657911595132
F1,0.9834437086092714
Prevalence,0.94445788964182
Detection Rate,0.9344143272023233
Detection Prevalence,0.9558325266214908
Balanced Accuracy,0.8018724380634168
