metric,value
Sensitivity,0.9288025889967637
Specificity,0.6984402079722704
Pos Pred Value,0.8683812405446294
Neg Pred Value,0.8207739307535641
Precision,0.8683812405446294
Recall,0.9288025889967637
F1,0.8975762314308053
Prevalence,0.6817429674572532
Detection Rate,0.6332046332046332
Detection Prevalence,0.7291781577495863
Balanced Accuracy,0.8136213984845171
