metric,value
Sensitivity,0.9903263252934348
Specificity,0.5205479452054794
Pos Pred Value,0.9690773696832008
Neg Pred Value,0.7800586510263927
Precision,0.9690773696832008
Recall,0.9903263252934348
F1,0.9795866292421536
Prevalence,0.9381655372700871
Detection Rate,0.9290900290416263
Detection Prevalence,0.9587366892545982
Balanced Accuracy,0.7554371352494571
