metric,value
Sensitivity,0.9438202247191011
Specificity,0.7283950617283951
Pos Pred Value,0.8842105263157894
Neg Pred Value,0.8550724637681159
Precision,0.8842105263157894
Recall,0.9438202247191011
F1,0.9130434782608695
Prevalence,0.6872586872586872
Detection Rate,0.6486486486486487
Detection Prevalence,0.7335907335907336
Balanced Accuracy,0.8361076432237481
