metric,value
Sensitivity,0.9032258064516129
Specificity,0.8840579710144928
Pos Pred Value,0.875
Neg Pred Value,0.9104477611940299
Precision,0.875
Recall,0.9032258064516129
F1,0.8888888888888888
Prevalence,0.4732824427480916
Detection Rate,0.42748091603053434
Detection Prevalence,0.48854961832061067
Balanced Accuracy,0.8936418887330528
