label,recall,support
Botnet,0.9908787255909558,7784
Normal,0.5166666666666667,480
