label,recall,support
Botnet,0.9891975308641975,7776
Normal,0.5409836065573771,488
