metric,value
Sensitivity,0.9467831612390787
Specificity,0.8574007220216606
Pos Pred Value,0.937844217151849
Neg Pred Value,0.8763837638376385
Precision,0.937844217151849
Recall,0.9467831612390787
F1,0.9422924901185772
Prevalence,0.6944291230005516
Detection Rate,0.6574738003309432
Detection Prevalence,0.7010479867622724
Balanced Accuracy,0.9020919416303697
