metric,value
Sensitivity,0.9563182527301092
Specificity,0.8116760828625236
Pos Pred Value,0.9245852187028658
Neg Pred Value,0.8850102669404518
Precision,0.9245852187028658
Recall,0.9563182527301092
F1,0.9401840490797546
Prevalence,0.7071152785438499
Detection Rate,0.6762272476558191
Detection Prevalence,0.7313844456701599
Balanced Accuracy,0.8839971677963163
