metric,value
Sensitivity,0.9384858044164038
Specificity,0.8697247706422019
Pos Pred Value,0.9436954797779541
Neg Pred Value,0.8586956521739132
Precision,0.943695479777954
Recall,0.9384858044164038
F1,0.941083432186635
Prevalence,0.6993932708218422
Detection Rate,0.6563706563706564
Detection Prevalence,0.6955322669608384
Balanced Accuracy,0.9041052875293029
