metric,value
Sensitivity,0.9639934533551555
Specificity,0.8104906937394247
Pos Pred Value,0.9131782945736434
Neg Pred Value,0.9158699808795412
Precision,0.9131782945736434
Recall,0.9639934533551555
F1,0.9378980891719745
Prevalence,0.6740209597352455
Detection Rate,0.6497517926089355
Detection Prevalence,0.7115278543849972
Balanced Accuracy,0.8872420735472901
