metric,value
Sensitivity,0.987001287001287
Specificity,0.7692307692307693
Pos Pred Value,0.9853526917641012
Neg Pred Value,0.7900207900207898
Precision,0.9853526917641012
Recall,0.987001287001287
F1,0.9861763003922073
Prevalence,0.9402226524685382
Detection Rate,0.9280009680542111
Detection Prevalence,0.9417957405614714
Balanced Accuracy,0.8781160281160281
