metric,value
Sensitivity,0.9876844130853111
Specificity,0.7761194029850746
Pos Pred Value,0.9865453613531522
Neg Pred Value,0.7913043478260867
Precision,0.9865453613531522
Recall,0.9876844130853111
F1,0.9871145586255529
Prevalence,0.9432478218780251
Detection Rate,0.9316311713455954
Detection Prevalence,0.9443368828654405
Balanced Accuracy,0.8819019080351929
