label,recall,support
Botnet,0.9924388055875946,7803
Normal,0.527114967462039,461
