metric,value
Sensitivity,0.9928260312580066
Specificity,0.47161572052401746
Pos Pred Value,0.9697197197197197
Neg Pred Value,0.7941176470588226
Precision,0.9697197197197197
Recall,0.9928260312580066
F1,0.981136852766173
Prevalence,0.9445788964181994
Detection Rate,0.9378025169409487
Detection Prevalence,0.9670861568247822
Balanced Accuracy,0.732220875891012
