metric,value
Sensitivity,0.9906193780519147
Specificity,0.7759336099585062
Pos Pred Value,0.9861839580401688
Neg Pred Value,0.8366890380313202
Precision,0.9861839580401689
Recall,0.9906193780519147
F1,0.9883966920956472
Prevalence,0.9416747337850919
Detection Rate,0.9328412391093901
Detection Prevalence,0.9459099709583737
Balanced Accuracy,0.8832764940052105
