label,recall,support
Botnet,0.9896551724137931,7830
Normal,0.5783410138248848,434
