metric,value
Sensitivity,0.9895819935691318
Specificity,0.5705521472392638
Pos Pred Value,0.9734311740890688
Neg Pred Value,0.7749999999999991
Precision,0.9734311740890689
Recall,0.9895819935691318
F1,0.9814401428662541
Prevalence,0.9408276863504357
Detection Rate,0.931026137463698
Detection Prevalence,0.9564375605033882
Balanced Accuracy,0.7800670704041979
