label,recall,support
Botnet,0.9895752895752896,7770
Normal,0.6133603238866396,494
