metric,value
Sensitivity,0.9411290322580645
Specificity,0.8760907504363001
Pos Pred Value,0.9426494345718902
Neg Pred Value,0.8730434782608697
Precision,0.9426494345718901
Recall,0.9411290322580645
F1,0.9418886198547215
Prevalence,0.6839492553778268
Detection Rate,0.643684500827358
Detection Prevalence,0.68284611141754
Balanced Accuracy,0.9086098913471823
