metric,value
Sensitivity,0.9466019417475728
Specificity,0.8630849220103987
Pos Pred Value,0.9367493995196157
Neg Pred Value,0.8829787234042554
Precision,0.9367493995196157
Recall,0.9466019417475728
F1,0.9416498993963783
Prevalence,0.6817429674572532
Detection Rate,0.6453392167677882
Detection Prevalence,0.6889134031991175
Balanced Accuracy,0.9048434318789857
