label,recall,support
Botnet,0.9908186687069626,7842
Normal,0.7962085308056872,422
