metric,value
Sensitivity,0.9914981321654
Specificity,0.5489021956087824
Pos Pred Value,0.971475451217973
Neg Pred Value,0.8064516129032254
Precision,0.971475451217973
Recall,0.9914981321654
F1,0.981384674231799
Prevalence,0.9393756050338818
Detection Rate,0.9313891577928364
Detection Prevalence,0.9587366892545982
Balanced Accuracy,0.7702001638870912
