metric,value
Sensitivity,0.9286846275752774
Specificity,0.7023593466424682
Pos Pred Value,0.8772455089820359
Neg Pred Value,0.8113207547169813
Precision,0.8772455089820359
Recall,0.9286846275752774
F1,0.9022324865280986
Prevalence,0.6960838389409818
Detection Rate,0.646442360728075
Detection Prevalence,0.7369001654715941
Balanced Accuracy,0.8155219871088728
