metric,value
Sensitivity,0.9919127086007702
Specificity,0.510548523206751
Pos Pred Value,0.9708506093730368
Neg Pred Value,0.7934426229508191
Precision,0.9708506093730368
Recall,0.9919127086007702
F1,0.9812686519779033
Prevalence,0.9426427879961278
Detection Rate,0.9350193610842207
Detection Prevalence,0.9630929332042595
Balanced Accuracy,0.7512306159037606
