metric,value
Sensitivity,0.9487179487179487
Specificity,0.8389380530973451
Pos Pred Value,0.9286274509803921
Neg Pred Value,0.8810408921933085
Precision,0.9286274509803921
Recall,0.9487179487179487
F1,0.9385652001585414
Prevalence,0.6883618312189741
Detection Rate,0.6530612244897959
Detection Prevalence,0.7032542746828461
Balanced Accuracy,0.8938280009076469
