metric,value
Sensitivity,0.9177215189873418
Specificity,0.8743169398907104
Pos Pred Value,0.9438567941415785
Neg Pred Value,0.8219178082191781
Precision,0.9438567941415785
Recall,0.9177215189873418
F1,0.9306056959486563
Prevalence,0.6971869829012686
Detection Rate,0.6398234969663541
Detection Prevalence,0.6778819635962493
Balanced Accuracy,0.8960192294390261
