metric,value
Sensitivity,0.9920144255538382
Specificity,0.486
Pos Pred Value,0.9677095112451313
Neg Pred Value,0.79672131147541
Precision,0.9677095112451313
Recall,0.9920144255538382
F1,0.9797112510335179
Prevalence,0.9394966118102613
Detection Rate,0.9319941916747337
Detection Prevalence,0.9630929332042595
Balanced Accuracy,0.7390072127769192
