metric,value
Sensitivity,0.8734177215189873
Specificity,0.8269230769230769
Pos Pred Value,0.8846153846153846
Neg Pred Value,0.8113207547169811
Precision,0.8846153846153846
Recall,0.8734177215189873
F1,0.8789808917197452
Prevalence,0.6030534351145038
Detection Rate,0.5267175572519084
Detection Prevalence,0.5954198473282443
Balanced Accuracy,0.8501703992210321
