metric,value
Sensitivity,0.9898522800256905
Specificity,0.5511482254697286
Pos Pred Value,0.9728569625047343
Neg Pred Value,0.769679300291546
Precision,0.9728569625047343
Recall,0.9898522800256905
F1,0.9812810390933401
Prevalence,0.9420377541142304
Detection Rate,0.9324782187802517
Detection Prevalence,0.9584946757018393
Balanced Accuracy,0.7705002527477096
