metric,value
Sensitivity,0.9874229979466119
Specificity,0.6080508474576272
Pos Pred Value,0.9765198629267674
Neg Pred Value,0.7454545454545456
Precision,0.9765198629267674
Recall,0.9874229979466119
F1,0.9819411652096228
Prevalence,0.9428848015488868
Detection Rate,0.931026137463698
Detection Prevalence,0.9534123910939013
Balanced Accuracy,0.7977369227021196
