metric,value
Sensitivity,0.9494556765163297
Specificity,0.6963946869070209
Pos Pred Value,0.8841419261404779
Neg Pred Value,0.849537037037037
Precision,0.8841419261404779
Recall,0.9494556765163297
F1,0.9156355455568054
Prevalence,0.7093215664644236
Detection Rate,0.673469387755102
Detection Prevalence,0.7617209045780474
Balanced Accuracy,0.8229251817116753
