metric,value
Sensitivity,0.945054945054945
Specificity,0.7588126159554731
Pos Pred Value,0.9025487256371815
Neg Pred Value,0.8538622129436324
Precision,0.9025487256371814
Recall,0.945054945054945
F1,0.9233128834355828
Prevalence,0.7027027027027027
Detection Rate,0.6640926640926641
Detection Prevalence,0.7357970215113072
Balanced Accuracy,0.8519337805052091
