metric,value
Sensitivity,0.9400157853196527
Specificity,0.8827838827838828
Pos Pred Value,0.9490039840637451
Neg Pred Value,0.8637992831541217
Precision,0.949003984063745
Recall,0.9400157853196527
F1,0.9444885011895321
Prevalence,0.6988416988416989
Detection Rate,0.6569222283507998
Detection Prevalence,0.692222835079978
Balanced Accuracy,0.9113998340517677
