metric,value
Sensitivity,0.9492753623188406
Specificity,0.9176882661996497
Pos Pred Value,0.9616639477977161
Neg Pred Value,0.8926746166950597
Precision,0.9616639477977161
Recall,0.9492753623188406
F1,0.9554294975688815
Prevalence,0.6850523993381136
Detection Rate,0.6503033645890789
Detection Prevalence,0.6762272476558191
Balanced Accuracy,0.9334818142592451
