label,recall,support
Botnet,0.987001287001287,7770
Normal,0.7692307692307693,494
