metric,value
Sensitivity,0.9903722721437741
Specificity,0.6033755274261603
Pos Pred Value,0.9762115652283944
Neg Pred Value,0.79224376731302
Precision,0.9762115652283943
Recall,0.9903722721437741
F1,0.9832409354489262
Prevalence,0.9426427879961278
Detection Rate,0.933567279767667
Detection Prevalence,0.9563165537270087
Balanced Accuracy,0.7968738997849671
