metric,value
Sensitivity,0.9361179361179361
Specificity,0.8733108108108109
Pos Pred Value,0.9384236453201971
Neg Pred Value,0.8689075630252101
Precision,0.9384236453201971
Recall,0.9361179361179361
F1,0.937269372693727
Prevalence,0.673469387755102
Detection Rate,0.6304467733039162
Detection Prevalence,0.6718146718146718
Balanced Accuracy,0.9047143734643734
