metric,value
Sensitivity,0.9895752895752896
Specificity,0.6133603238866396
Pos Pred Value,0.9757614213197969
Neg Pred Value,0.7890625000000009
Precision,0.9757614213197969
Recall,0.9895752895752896
F1,0.9826198083067094
Prevalence,0.9402226524685382
Detection Rate,0.9304211035818006
Detection Prevalence,0.9535333978702807
Balanced Accuracy,0.8014678067309646
