metric,value
Sensitivity,0.9930618013619427
Specificity,0.5613305613305614
Pos Pred Value,0.9734256926952141
Neg Pred Value,0.8333333333333327
Precision,0.9734256926952141
Recall,0.9930618013619427
F1,0.9831457101062138
Prevalence,0.9417957405614714
Detection Rate,0.9352613746369797
Detection Prevalence,0.9607938044530494
Balanced Accuracy,0.777196181346252
