metric,value
Sensitivity,0.9106382978723404
Specificity,0.8833333333333333
Pos Pred Value,0.9458563535911603
Neg Pred Value,0.8153846153846154
Precision,0.9458563535911603
Recall,0.9106382978723404
F1,0.9279132791327914
Prevalence,0.6911764705882353
Detection Rate,0.6294117647058823
Detection Prevalence,0.6654411764705882
Balanced Accuracy,0.8969858156028369
