metric,value
Sensitivity,0.9486133768352365
Specificity,0.8620102214650767
Pos Pred Value,0.9348874598070739
Neg Pred Value,0.8892794376098417
Precision,0.934887459807074
Recall,0.9486133768352365
F1,0.9417004048582996
Prevalence,0.6762272476558191
Detection Rate,0.6414782129067843
Detection Prevalence,0.6861555432984004
Balanced Accuracy,0.9053117991501566
