metric,value
Sensitivity,0.988961622384803
Specificity,0.5792811839323467
Pos Pred Value,0.9748228744939271
Neg Pred Value,0.7611111111111116
Precision,0.9748228744939271
Recall,0.988961622384803
F1,0.9818413507486461
Prevalence,0.9427637947725073
Detection Rate,0.9323572120038722
Detection Prevalence,0.9564375605033882
Balanced Accuracy,0.7841214031585748
