metric,value
Sensitivity,0.9165354330708662
Specificity,0.8784530386740331
Pos Pred Value,0.9463414634146341
Neg Pred Value,0.8181818181818182
Precision,0.9463414634146341
Recall,0.9165354330708662
F1,0.9312
Prevalence,0.7004964147821291
Detection Rate,0.6420297848869277
Detection Prevalence,0.6784335355763927
Balanced Accuracy,0.8974942358724496
