metric,value
Sensitivity,0.9607686148919136
Specificity,0.8918439716312057
Pos Pred Value,0.9516256938937352
Neg Pred Value,0.911231884057971
Precision,0.9516256938937351
Recall,0.9607686148919136
F1,0.9561752988047809
Prevalence,0.6889134031991175
Detection Rate,0.6618863761720905
Detection Prevalence,0.6955322669608384
Balanced Accuracy,0.9263062932615596
