label,recall,support
Botnet,0.9902338730403495,7782
Normal,0.6224066390041494,482
