label,recall,support
Botnet,0.9848426461143224,7785
Normal,0.8079331941544885,479
