metric,value
Sensitivity,0.8985507246376812
Specificity,0.8870967741935484
Pos Pred Value,0.8985507246376812
Neg Pred Value,0.8870967741935483
Precision,0.8985507246376812
Recall,0.8985507246376812
F1,0.8985507246376812
Prevalence,0.5267175572519084
Detection Rate,0.4732824427480916
Detection Prevalence,0.5267175572519084
Balanced Accuracy,0.8928237494156148
