metric,value
Sensitivity,0.8607594936708861
Specificity,0.9038461538461539
Pos Pred Value,0.9315068493150686
Neg Pred Value,0.810344827586207
Precision,0.9315068493150684
Recall,0.8607594936708861
F1,0.8947368421052632
Prevalence,0.6030534351145038
Detection Rate,0.5190839694656488
Detection Prevalence,0.5572519083969466
Balanced Accuracy,0.88230282375852
