metric,value
Sensitivity,0.9927835051546392
Specificity,0.7083333333333334
Pos Pred Value,0.9812762705387849
Neg Pred Value,0.8644067796610173
Precision,0.9812762705387849
Recall,0.9927835051546392
F1,0.9869963487284606
Prevalence,0.9390125847047435
Detection Rate,0.9322362052274927
Detection Prevalence,0.9500242013552759
Balanced Accuracy,0.8505584192439863
