label,recall,support
Botnet,0.9821313793546729,7779
Normal,0.8247422680412371,485
