metric,value
Sensitivity,0.9423076923076923
Specificity,0.8424778761061947
Pos Pred Value,0.9296442687747036
Neg Pred Value,0.8686131386861312
Precision,0.9296442687747035
Recall,0.9423076923076923
F1,0.935933147632312
Prevalence,0.6883618312189741
Detection Rate,0.6486486486486487
Detection Prevalence,0.697738554881412
Balanced Accuracy,0.8923927842069435
