label,recall,support
Botnet,0.9899974352398051,7798
Normal,0.5665236051502146,466
