label,recall,support
Botnet,0.9889814221652786,7805
Normal,0.5729847494553377,459
