metric,value
Sensitivity,0.9358669833729216
Specificity,0.8309090909090909
Pos Pred Value,0.9270588235294118
Neg Pred Value,0.8494423791821561
Precision,0.9270588235294117
Recall,0.9358669833729216
F1,0.9314420803782505
Prevalence,0.6966354109211252
Detection Rate,0.6519580805295091
Detection Prevalence,0.7032542746828461
Balanced Accuracy,0.8833880371410063
