label,recall,support
Botnet,0.9903586579251832,7779
Normal,0.5608247422680412,485
