metric,value
Sensitivity,0.989516747634876
Specificity,0.5882352941176471
Pos Pred Value,0.977026003534461
Neg Pred Value,0.7602339181286544
Precision,0.977026003534461
Recall,0.989516747634876
F1,0.9832317073170732
Prevalence,0.9465150048402711
Detection Rate,0.9365924491771539
Detection Prevalence,0.9586156824782188
Balanced Accuracy,0.7888760208762615
