label,recall,support
Botnet,0.9892058596761758,7782
Normal,0.5373443983402489,482
