label,recall,support
Botnet,0.9900191938579654,7815
Normal,0.8195991091314031,449
