label,recall,support
Botnet,0.9910290913751121,7803
Normal,0.5206073752711496,461
