label,recall,support
Botnet,0.9892889405084527,7749
Normal,0.5922330097087378,515
