metric,value
Sensitivity,0.922875131164743
Specificity,0.8611793611793612
Pos Pred Value,0.9396367521367522
Neg Pred Value,0.8266509433962265
Precision,0.9396367521367521
Recall,0.922875131164743
F1,0.9311805187930121
Prevalence,0.700735294117647
Detection Rate,0.6466911764705883
Detection Prevalence,0.6882352941176471
Balanced Accuracy,0.8920272461720521
