metric,value
Sensitivity,0.9593625498007968
Specificity,0.8637992831541219
Pos Pred Value,0.940625
Neg Pred Value,0.9043151969981238
Precision,0.940625
Recall,0.9593625498007968
F1,0.9499013806706115
Prevalence,0.692222835079978
Detection Rate,0.6640926640926641
Detection Prevalence,0.7060121345835632
Balanced Accuracy,0.9115809164774593
