metric,value
Sensitivity,0.9444147514698022
Specificity,0.8869257950530035
Pos Pred Value,0.9484702093397746
Neg Pred Value,0.8786464410735123
Precision,0.9484702093397746
Recall,0.9444147514698022
F1,0.9464381360471344
Prevalence,0.6878676470588235
Detection Rate,0.6496323529411765
Detection Prevalence,0.6849264705882353
Balanced Accuracy,0.9156702732614028
