metric,value
Sensitivity,0.9879021879021879
Specificity,0.819838056680162
Pos Pred Value,0.9885383129426915
Neg Pred Value,0.8116232464929857
Precision,0.9885383129426916
Recall,0.9879021879021879
F1,0.9882201480527839
Prevalence,0.9402226524685382
Detection Rate,0.9288480154888674
Detection Prevalence,0.9396176185866408
Balanced Accuracy,0.9038701222911749
