metric,value
Sensitivity,0.9877687652890433
Specificity,0.7847082494969819
Pos Pred Value,0.986245018639928
Neg Pred Value,0.8041237113402054
Precision,0.986245018639928
Recall,0.9877687652890433
F1,0.9870063038723788
Prevalence,0.9398596321393998
Detection Rate,0.9283639883833494
Detection Prevalence,0.9413117134559535
Balanced Accuracy,0.8862385073930126
