label,recall,support
Botnet,0.9916709379805229,7804
Normal,0.5043478260869565,460
