label,recall,support
Botnet,0.9897724367169521,7822
Normal,0.5542986425339367,442
