label,recall,support
Botnet,0.9906181724714047,7781
Normal,0.5279503105590062,483
