metric,value
Sensitivity,0.951004016064257
Specificity,0.6971830985915493
Pos Pred Value,0.8731563421828908
Neg Pred Value,0.8665207877461706
Precision,0.8731563421828908
Recall,0.951004016064257
F1,0.9104190695886196
Prevalence,0.6867071152785439
Detection Rate,0.6530612244897959
Detection Prevalence,0.7479316050744622
Balanced Accuracy,0.8240935573279031
