metric,value
Sensitivity,0.9888361349929424
Specificity,0.8110403397027601
Pos Pred Value,0.9885824246311739
Neg Pred Value,0.8144989339019194
Precision,0.9885824246311739
Recall,0.9888361349929424
F1,0.9887092635360534
Prevalence,0.9430058083252663
Detection Rate,0.9324782187802517
Detection Prevalence,0.9432478218780251
Balanced Accuracy,0.8999382373478513
