metric,value
Sensitivity,0.9323248407643312
Specificity,0.9084380610412927
Pos Pred Value,0.9582651391162029
Neg Pred Value,0.856175972927242
Precision,0.9582651391162029
Recall,0.9323248407643312
F1,0.9451170298627926
Prevalence,0.6927744070601214
Detection Rate,0.6458907887479316
Detection Prevalence,0.6740209597352455
Balanced Accuracy,0.9203814509028119
