metric,value
Sensitivity,0.923728813559322
Specificity,0.8713942307692307
Pos Pred Value,0.9421934089681254
Neg Pred Value,0.8342922899884925
Precision,0.9421934089681253
Recall,0.923728813559322
F1,0.9328697512703931
Prevalence,0.6941176470588235
Detection Rate,0.6411764705882353
Detection Prevalence,0.680514705882353
Balanced Accuracy,0.8975615221642763
