metric,value
Sensitivity,0.9043408360128617
Specificity,0.875219683655536
Pos Pred Value,0.9406354515050168
Neg Pred Value,0.807131280388979
Precision,0.9406354515050167
Recall,0.9043408360128617
F1,0.9221311475409836
Prevalence,0.6861555432984004
Detection Rate,0.6205184776613348
Detection Prevalence,0.6596800882515168
Balanced Accuracy,0.8897802598341988
