metric,value
Sensitivity,0.8405797101449275
Specificity,0.8709677419354839
Pos Pred Value,0.8787878787878788
Neg Pred Value,0.8307692307692307
Precision,0.8787878787878788
Recall,0.8405797101449275
F1,0.8592592592592593
Prevalence,0.5267175572519084
Detection Rate,0.44274809160305345
Detection Prevalence,0.5038167938931297
Balanced Accuracy,0.8557737260402056
