metric,value
Sensitivity,0.945675105485232
Specificity,0.8932038834951457
Pos Pred Value,0.9532163742690059
Neg Pred Value,0.8772348033373062
Precision,0.9532163742690059
Recall,0.945675105485232
F1,0.9494307651575323
Prevalence,0.6970588235294117
Detection Rate,0.6591911764705882
Detection Prevalence,0.6915441176470588
Balanced Accuracy,0.9194394944901889
