label,recall,support
Botnet,0.9919292851652575,7806
Normal,0.37336244541484714,458
