metric,value
Sensitivity,0.9450199203187251
Specificity,0.7258064516129032
Pos Pred Value,0.8857356235997013
Neg Pred Value,0.8544303797468353
Precision,0.8857356235997013
Recall,0.9450199203187251
F1,0.9144178874325367
Prevalence,0.692222835079978
Detection Rate,0.6541643684500827
Detection Prevalence,0.7385548814120243
Balanced Accuracy,0.8354131859658142
