metric,value
Sensitivity,0.9247058823529412
Specificity,0.8475836431226765
Pos Pred Value,0.9349722442505947
Neg Pred Value,0.8260869565217391
Precision,0.9349722442505948
Recall,0.9247058823529412
F1,0.9298107255520506
Prevalence,0.7032542746828461
Detection Rate,0.6503033645890789
Detection Prevalence,0.6955322669608384
Balanced Accuracy,0.8861447627378088
