metric,value
Sensitivity,0.9274322169059012
Specificity,0.7084078711985689
Pos Pred Value,0.8770739064856712
Neg Pred Value,0.8131416837782341
Precision,0.8770739064856712
Recall,0.9274322169059012
F1,0.9015503875968992
Prevalence,0.6916712630998345
Detection Rate,0.6414782129067843
Detection Prevalence,0.7313844456701599
Balanced Accuracy,0.817920044052235
