label,recall,support
Botnet,0.9880708055413032,7796
Normal,0.8098290598290598,468
