metric,value
Sensitivity,0.8227848101265823
Specificity,0.8076923076923077
Pos Pred Value,0.8666666666666667
Neg Pred Value,0.7500000000000001
Precision,0.8666666666666667
Recall,0.8227848101265823
F1,0.8441558441558442
Prevalence,0.6030534351145038
Detection Rate,0.4961832061068702
Detection Prevalence,0.5725190839694656
Balanced Accuracy,0.8152385589094451
