metric,value
Sensitivity,0.9894628630172192
Specificity,0.5560165975103735
Pos Pred Value,0.9729593126105636
Neg Pred Value,0.7657142857142855
Precision,0.9729593126105636
Recall,0.9894628630172192
F1,0.9811416921508666
Prevalence,0.9416747337850919
Detection Rate,0.9317521781219749
Detection Prevalence,0.957647628267183
Balanced Accuracy,0.7727397302637964
