metric,value
Sensitivity,0.9906241972771641
Specificity,0.7426778242677824
Pos Pred Value,0.9843032159264931
Neg Pred Value,0.829439252336448
Precision,0.9843032159264931
Recall,0.9906241972771641
F1,0.9874535910894892
Prevalence,0.9421587608906099
Detection Rate,0.9333252662149081
Detection Prevalence,0.9482090997095838
Balanced Accuracy,0.8666510107724732
