metric,value
Sensitivity,0.9238171611868484
Specificity,0.8498233215547704
Pos Pred Value,0.9312853678253841
Neg Pred Value,0.8350694444444444
Precision,0.931285367825384
Recall,0.9238171611868484
F1,0.9275362318840581
Prevalence,0.6878102592388307
Detection Rate,0.6354109211252068
Detection Prevalence,0.6822945394373966
Balanced Accuracy,0.8868202413708094
