label,recall,support
Botnet,0.9908669925392334,7774
Normal,0.5612244897959183,490
