label,recall,support
Botnet,0.9897132570399897,7777
Normal,0.6119096509240246,487
