metric,value
Sensitivity,0.9832008207232624
Specificity,0.7489270386266095
Pos Pred Value,0.9849691675231244
Neg Pred Value,0.7270833333333339
Precision,0.9849691675231244
Recall,0.9832008207232624
F1,0.984084199717623
Prevalence,0.9436108422071636
Detection Rate,0.9277589545014521
Detection Prevalence,0.9419167473378509
Balanced Accuracy,0.866063929674936
