label,recall,support
Botnet,0.9906193780519147,7782
Normal,0.7759336099585062,482
