metric,value
Sensitivity,0.989849672362842
Specificity,0.5467775467775468
Pos Pred Value,0.9724816965412774
Neg Pred Value,0.7690058479532157
Precision,0.9724816965412775
Recall,0.989849672362842
F1,0.9810888252148997
Prevalence,0.9417957405614714
Detection Rate,0.9322362052274927
Detection Prevalence,0.9586156824782188
Balanced Accuracy,0.7683136095701943
