label,recall,support
Botnet,0.9906121399176955,7776
Normal,0.39549180327868855,488
