metric,value
Sensitivity,0.9245875883739199
Specificity,0.7055555555555556
Pos Pred Value,0.8809880239520959
Neg Pred Value,0.7987421383647799
Precision,0.8809880239520959
Recall,0.9245875883739199
F1,0.9022614028363357
Prevalence,0.7021511307225593
Detection Rate,0.649200220628792
Detection Prevalence,0.7369001654715941
Balanced Accuracy,0.8150715719647377
