metric,value
Sensitivity,0.917940466613033
Specificity,0.8491228070175438
Pos Pred Value,0.9299103504482478
Neg Pred Value,0.825938566552901
Precision,0.9299103504482478
Recall,0.917940466613033
F1,0.9238866396761134
Prevalence,0.685603971318257
Detection Rate,0.6293436293436293
Detection Prevalence,0.6767788196359625
Balanced Accuracy,0.8835316368152883
