label,recall,support
Botnet,0.9895140664961637,7820
Normal,0.6171171171171171,444
