metric,value
Sensitivity,0.9444891391794047
Specificity,0.9052631578947369
Pos Pred Value,0.9560260586319218
Neg Pred Value,0.882051282051282
Precision,0.9560260586319218
Recall,0.9444891391794047
F1,0.9502225819506274
Prevalence,0.685603971318257
Detection Rate,0.6475455046883618
Detection Prevalence,0.6773303916161059
Balanced Accuracy,0.9248761485370708
