metric,value
Sensitivity,0.9438377535101404
Specificity,0.8286252354048964
Pos Pred Value,0.930053804765565
Neg Pred Value,0.8593750000000001
Precision,0.930053804765565
Recall,0.9438377535101404
F1,0.9368950832365467
Prevalence,0.7071152785438499
Detection Rate,0.6674020959735245
Detection Prevalence,0.7175951461665747
Balanced Accuracy,0.8862314944575185
