metric,value
Sensitivity,0.9361702127659575
Specificity,0.8547794117647058
Pos Pred Value,0.9376479873717443
Neg Pred Value,0.8516483516483517
Precision,0.9376479873717443
Recall,0.9361702127659575
F1,0.9369085173501578
Prevalence,0.6999448428019857
Detection Rate,0.6552675124103695
Detection Prevalence,0.6988416988416989
Balanced Accuracy,0.8954748122653317
