metric,value
Sensitivity,0.989729105148286
Specificity,0.7663157894736842
Pos Pred Value,0.9858056265984655
Neg Pred Value,0.81981981981982
Precision,0.9858056265984655
Recall,0.989729105148286
F1,0.9877634697930682
Prevalence,0.9425217812197483
Detection Rate,0.9328412391093901
Detection Prevalence,0.9462729912875121
Balanced Accuracy,0.8780224473109851
