label,recall,support
Botnet,0.9920349434737924,7784
Normal,0.56875,480
