metric,value
Sensitivity,0.9899794450154162
Specificity,0.5354166666666667
Pos Pred Value,0.9718753941228402
Neg Pred Value,0.7671641791044775
Precision,0.9718753941228402
Recall,0.9899794450154162
F1,0.9808438872271368
Prevalence,0.9419167473378509
Detection Rate,0.9324782187802517
Detection Prevalence,0.9594627299128751
Balanced Accuracy,0.7626980558410414
