metric,value
Sensitivity,0.9921543408360128
Specificity,0.6012269938650306
Pos Pred Value,0.9753445441901631
Neg Pred Value,0.8281690140845065
Precision,0.9753445441901631
Recall,0.9921543408360128
F1,0.9836776332568222
Prevalence,0.9408276863504357
Detection Rate,0.9334462729912875
Detection Prevalence,0.9570425943852856
Balanced Accuracy,0.7966906673505217
