label,recall,support
Botnet,0.9920082495488528,7758
Normal,0.7193675889328063,506
