metric,value
Sensitivity,0.9238952536824877
Specificity,0.8697123519458545
Pos Pred Value,0.9361525704809287
Neg Pred Value,0.8467874794069192
Precision,0.9361525704809287
Recall,0.9238952536824877
F1,0.9299835255354201
Prevalence,0.6740209597352455
Detection Rate,0.6227247655819085
Detection Prevalence,0.6651958080529509
Balanced Accuracy,0.8968038028141712
