metric,value
Sensitivity,0.9474940334128878
Specificity,0.7302158273381295
Pos Pred Value,0.8881431767337807
Neg Pred Value,0.8601694915254238
Precision,0.8881431767337807
Recall,0.9474940334128878
F1,0.9168591224018475
Prevalence,0.6933259790402647
Detection Rate,0.6569222283507998
Detection Prevalence,0.7396580253723111
Balanced Accuracy,0.8388549303755086
