label,recall,support
Botnet,0.987552932118568,7793
Normal,0.7940552016985138,471
