label,recall,support
Botnet,0.9887005649717514,7788
Normal,0.5189075630252101,476
