metric,value
Sensitivity,0.863013698630137
Specificity,0.9310344827586207
Pos Pred Value,0.9402985074626865
Neg Pred Value,0.84375
Precision,0.9402985074626866
Recall,0.863013698630137
F1,0.9
Prevalence,0.5572519083969466
Detection Rate,0.48091603053435117
Detection Prevalence,0.5114503816793893
Balanced Accuracy,0.8970240906943788
