metric,value
Sensitivity,0.9336569579288025
Specificity,0.8596187175043327
Pos Pred Value,0.934412955465587
Neg Pred Value,0.8581314878892733
Precision,0.934412955465587
Recall,0.9336569579288025
F1,0.9340348037231889
Prevalence,0.6817429674572532
Detection Rate,0.6365140650854937
Detection Prevalence,0.6811913954771097
Balanced Accuracy,0.8966378377165676
