metric,value
Sensitivity,0.912875867386276
Specificity,0.8662790697674418
Pos Pred Value,0.9449321628092577
Neg Pred Value,0.7982142857142857
Precision,0.9449321628092577
Recall,0.912875867386276
F1,0.9286274509803921
Prevalence,0.7153888582460011
Detection Rate,0.6530612244897959
Detection Prevalence,0.6911196911196911
Balanced Accuracy,0.8895774685768589
