metric,value
Sensitivity,0.9181523500810372
Specificity,0.8411053540587219
Pos Pred Value,0.9248979591836735
Neg Pred Value,0.8282312925170067
Precision,0.9248979591836735
Recall,0.9181523500810372
F1,0.9215128100854006
Prevalence,0.6806398234969664
Detection Rate,0.6249310535024821
Detection Prevalence,0.6756756756756757
Balanced Accuracy,0.8796288520698796
