metric,value
Sensitivity,0.9887583035258048
Specificity,0.518348623853211
Pos Pred Value,0.9735849056603774
Neg Pred Value,0.719745222929937
Precision,0.9735849056603774
Recall,0.9887583035258048
F1,0.9811129420712383
Prevalence,0.9472410454985479
Detection Rate,0.9365924491771539
Detection Prevalence,0.9620038722168441
Balanced Accuracy,0.7535534636895079
