label,recall,support
Botnet,0.9900939148333977,7773
Normal,0.5885947046843177,491
