metric,value
Sensitivity,0.933546837469976
Specificity,0.8191489361702128
Pos Pred Value,0.919558359621451
Neg Pred Value,0.8477064220183487
Precision,0.919558359621451
Recall,0.933546837469976
F1,0.9264998013508146
Prevalence,0.6889134031991175
Detection Rate,0.6431329288472145
Detection Prevalence,0.6993932708218422
Balanced Accuracy,0.8763478868200945
