metric,value
Sensitivity,0.9279069767441861
Specificity,0.722753346080306
Pos Pred Value,0.8919523099850969
Neg Pred Value,0.8025477707006371
Precision,0.8919523099850969
Recall,0.9279069767441861
F1,0.9095744680851064
Prevalence,0.7115278543849972
Detection Rate,0.6602316602316602
Detection Prevalence,0.7402095973524545
Balanced Accuracy,0.825330161412246
