metric,value
Sensitivity,0.9445764053840063
Specificity,0.72
Pos Pred Value,0.8856718634001486
Neg Pred Value,0.849785407725322
Precision,0.8856718634001485
Recall,0.9445764053840063
F1,0.9141762452107279
Prevalence,0.6966354109211252
Detection Rate,0.6580253723110866
Detection Prevalence,0.7429674572531716
Balanced Accuracy,0.8322882026920031
