label,recall,support
Botnet,0.9897514732257238,7806
Normal,0.6157205240174672,458
