metric,value
Sensitivity,0.9395129615082483
Specificity,0.8740740740740741
Pos Pred Value,0.9462025316455697
Neg Pred Value,0.859744990892532
Precision,0.9462025316455697
Recall,0.9395129615082483
F1,0.9428458809617658
Prevalence,0.7021511307225593
Detection Rate,0.6596800882515168
Detection Prevalence,0.6971869829012686
Balanced Accuracy,0.9067935177911612
