metric,value
Sensitivity,0.9476228847703465
Specificity,0.8391608391608392
Pos Pred Value,0.9274447949526813
Neg Pred Value,0.8807339449541285
Precision,0.9274447949526814
Recall,0.9476228847703465
F1,0.9374252690314866
Prevalence,0.6845008273579702
Detection Rate,0.6486486486486487
Detection Prevalence,0.6993932708218422
Balanced Accuracy,0.8933918619655928
