metric,value
Sensitivity,0.9902023978342143
Specificity,0.5069033530571992
Pos Pred Value,0.9684781238179295
Neg Pred Value,0.771771771771772
Precision,0.9684781238179296
Recall,0.9902023978342143
F1,0.9792197858235594
Prevalence,0.938649564375605
Detection Rate,0.9294530493707648
Detection Prevalence,0.9597047434656341
Balanced Accuracy,0.7485528754457067
