metric,value
Sensitivity,0.9905030800821355
Specificity,0.5190677966101694
Pos Pred Value,0.9714285714285714
Neg Pred Value,0.7680250783699055
Precision,0.9714285714285714
Recall,0.9905030800821355
F1,0.9808731016076762
Prevalence,0.9428848015488868
Detection Rate,0.9339303000968054
Detection Prevalence,0.9613988383349468
Balanced Accuracy,0.7547854383461525
