metric,value
Sensitivity,0.9911390779504302
Specificity,0.48427672955974843
Pos Pred Value,0.9691109994977398
Neg Pred Value,0.77
Precision,0.9691109994977398
Recall,0.9911390779504302
F1,0.9800012697606502
Prevalence,0.9422797676669894
Detection Rate,0.9339303000968054
Detection Prevalence,0.9636979670861568
Balanced Accuracy,0.7377079037550893
