metric,value
Sensitivity,0.9906121399176955
Specificity,0.39549180327868855
Pos Pred Value,0.9631157789447362
Neg Pred Value,0.7255639097744363
Precision,0.9631157789447362
Recall,0.9906121399176955
F1,0.9766704703943198
Prevalence,0.9409486931268151
Detection Rate,0.9321151984511132
Detection Prevalence,0.967812197483059
Balanced Accuracy,0.693051971598192
