metric,value
Sensitivity,0.9376012965964343
Specificity,0.8842832469775475
Pos Pred Value,0.9452614379084967
Neg Pred Value,0.8692699490662138
Precision,0.9452614379084967
Recall,0.9376012965964343
F1,0.9414157851912124
Prevalence,0.6806398234969664
Detection Rate,0.6381687810259239
Detection Prevalence,0.6751241036955322
Balanced Accuracy,0.9109422717869908
