label,recall,support
Botnet,0.9914915560139229,7757
Normal,0.45759368836291914,507
