metric,value
Sensitivity,0.9457547169811321
Specificity,0.844731977818854
Pos Pred Value,0.9347319347319347
Neg Pred Value,0.8688212927756656
Precision,0.9347319347319347
Recall,0.9457547169811321
F1,0.94021101992966
Prevalence,0.7015995587424159
Detection Rate,0.6635410921125207
Detection Prevalence,0.709873138444567
Balanced Accuracy,0.895243347399993
