label,recall,support
Botnet,0.9892252437147255,7796
Normal,0.5405982905982906,468
