metric,value
Sensitivity,0.9453681710213777
Specificity,0.7563636363636363
Pos Pred Value,0.8990963855421686
Neg Pred Value,0.8577319587628865
Precision,0.8990963855421686
Recall,0.9453681710213777
F1,0.9216518718641451
Prevalence,0.6966354109211252
Detection Rate,0.65857694429123
Detection Prevalence,0.7324875896304468
Balanced Accuracy,0.850865903692507
