label,recall,support
Botnet,0.9871100799175045,7758
Normal,0.8122529644268774,506
