label,recall,support
Botnet,0.9884467265725289,7790
Normal,0.6033755274261603,474
