metric,value
Sensitivity,0.9917472598323662
Specificity,0.4793713163064833
Pos Pred Value,0.966691804927099
Neg Pred Value,0.7922077922077924
Precision,0.966691804927099
Recall,0.9917472598323662
F1,0.9790592578448222
Prevalence,0.9384075508228461
Detection Rate,0.9306631171345595
Detection Prevalence,0.962729912875121
Balanced Accuracy,0.7355592880694247
