metric,value
Sensitivity,0.9902288506042685
Specificity,0.35802469135802467
Pos Pred Value,0.9610681307711505
Neg Pred Value,0.6960000000000003
Precision,0.9610681307711505
Recall,0.9902288506042685
F1,0.9754305977710234
Prevalence,0.941190706679574
Detection Rate,0.9319941916747337
Detection Prevalence,0.9697483059051307
Balanced Accuracy,0.6741267709811466
