metric,value
Sensitivity,0.9908822396301529
Specificity,0.5073375262054507
Pos Pred Value,0.9704439693120362
Neg Pred Value,0.7731629392971255
Precision,0.9704439693120362
Recall,0.9908822396301529
F1,0.980556614563477
Prevalence,0.9422797676669894
Detection Rate,0.9336882865440465
Detection Prevalence,0.9621248789932236
Balanced Accuracy,0.7491098829178018
