label,recall,support
Botnet,0.9892044724328493,7781
Normal,0.6169772256728778,483
