label,recall,support
Botnet,0.9878329918032787,7808
Normal,0.7719298245614035,456
