metric,value
Sensitivity,0.9898444530145263
Specificity,0.5690721649484536
Pos Pred Value,0.9735744089012517
Neg Pred Value,0.7774647887323942
Precision,0.9735744089012517
Recall,0.9898444530145263
F1,0.9816420193778683
Prevalence,0.9413117134559535
Detection Rate,0.9317521781219749
Detection Prevalence,0.9570425943852856
Balanced Accuracy,0.7794583089814899
