metric,value
Sensitivity,0.9208400646203554
Specificity,0.8556521739130435
Pos Pred Value,0.9321340964840557
Neg Pred Value,0.8338983050847457
Precision,0.9321340964840557
Recall,0.9208400646203554
F1,0.9264526615197075
Prevalence,0.68284611141754
Detection Rate,0.628792057363486
Detection Prevalence,0.6745725317153889
Balanced Accuracy,0.8882461192666995
