metric,value
Sensitivity,0.9896233666410453
Specificity,0.4912663755458515
Pos Pred Value,0.9707212867554662
Neg Pred Value,0.7352941176470587
Precision,0.9707212867554662
Recall,0.9896233666410453
F1,0.980081197665567
Prevalence,0.9445788964181994
Detection Rate,0.9347773475314618
Detection Prevalence,0.96297192642788
Balanced Accuracy,0.7404448710934484
