metric,value
Sensitivity,0.9336530775379697
Specificity,0.8451957295373665
Pos Pred Value,0.9306772908366534
Neg Pred Value,0.8512544802867383
Precision,0.9306772908366534
Recall,0.9336530775379697
F1,0.9321628092577814
Prevalence,0.6900165471594043
Detection Rate,0.6442360728075014
Detection Prevalence,0.692222835079978
Balanced Accuracy,0.8894244035376682
