metric,value
Sensitivity,0.9861200359850919
Specificity,0.8385093167701864
Pos Pred Value,0.9899367823506645
Neg Pred Value,0.7894736842105262
Precision,0.9899367823506644
Recall,0.9861200359850919
F1,0.9880247231522019
Prevalence,0.9415537270087125
Detection Rate,0.9284849951597289
Detection Prevalence,0.9379235237173281
Balanced Accuracy,0.9123146763776391
