label,recall,support
Botnet,0.9894723327769932,7789
Normal,0.5957894736842105,475
