metric,value
Sensitivity,0.9894655704008222
Specificity,0.8
Pos Pred Value,0.9876891510643755
Neg Pred Value,0.824034334763948
Precision,0.9876891510643755
Recall,0.9894655704008222
F1,0.9885765627005518
Prevalence,0.9419167473378509
Detection Rate,0.9319941916747337
Detection Prevalence,0.9436108422071636
Balanced Accuracy,0.8947327852004111
