label,recall,support
Botnet,0.9922819655261127,7774
Normal,0.5877551020408164,490
