label,recall,support
Botnet,0.9854960852265434,7791
Normal,0.8224101479915433,473
