metric,value
Sensitivity,0.9494869771112865
Specificity,0.7582417582417582
Pos Pred Value,0.9011235955056179
Neg Pred Value,0.8661087866108785
Precision,0.9011235955056179
Recall,0.9494869771112865
F1,0.92467332820907
Prevalence,0.6988416988416989
Detection Rate,0.6635410921125207
Detection Prevalence,0.7363485934914507
Balanced Accuracy,0.8538643676765223
