label,recall,support
Botnet,0.9869929169349646,7765
Normal,0.8056112224448898,499
