label,recall,support
Botnet,0.9922958397534669,7788
Normal,0.6050420168067226,476
