metric,value
Sensitivity,0.989207246563022
Specificity,0.501039501039501
Pos Pred Value,0.9697694923793929
Neg Pred Value,0.7415384615384613
Precision,0.9697694923793929
Recall,0.989207246563022
F1,0.9793919348683373
Prevalence,0.9417957405614714
Detection Rate,0.9316311713455954
Detection Prevalence,0.9606727976766699
Balanced Accuracy,0.7451233738012615
