label,recall,support
Botnet,0.988468930172966,7805
Normal,0.5686274509803921,459
