label,recall,support
Botnet,0.9874229979466119,7792
Normal,0.6080508474576272,472
