label,recall,support
Botnet,0.9930618013619427,7783
Normal,0.5613305613305614,481
