metric,value
Sensitivity,0.9583660644147682
Specificity,0.8907407407407407
Pos Pred Value,0.9538702111024238
Neg Pred Value,0.900749063670412
Precision,0.9538702111024238
Recall,0.9583660644147682
F1,0.9561128526645768
Prevalence,0.7021511307225593
Detection Rate,0.6729178157749587
Detection Prevalence,0.7054605626034197
Balanced Accuracy,0.9245534025777544
