metric,value
Sensitivity,0.9884467265725289
Specificity,0.6033755274261603
Pos Pred Value,0.9761663286004058
Neg Pred Value,0.7606382978723399
Precision,0.9761663286004056
Recall,0.9884467265725289
F1,0.9822681464472509
Prevalence,0.9426427879961278
Detection Rate,0.9317521781219749
Detection Prevalence,0.9545014520813165
Balanced Accuracy,0.7959111269993446
