label,recall,support
Botnet,0.9908822396301529,7787
Normal,0.5073375262054507,477
