label,recall,support
Botnet,0.9904945407835581,7785
Normal,0.5448851774530271,479
