label,recall,support
Botnet,0.9901256732495511,7798
Normal,0.5836909871244635,466
