metric,value
Sensitivity,0.9899341850561363
Specificity,0.3572815533980582
Pos Pred Value,0.9586353411647088
Neg Pred Value,0.7022900763358778
Precision,0.9586353411647088
Recall,0.9899341850561363
F1,0.9740333947050981
Prevalence,0.9376815101645692
Detection Rate,0.9282429816069699
Detection Prevalence,0.968296224588577
Balanced Accuracy,0.6736078692270973
