metric,value
Sensitivity,0.9958858318333762
Specificity,0.28189300411522633
Pos Pred Value,0.9568869672637431
Neg Pred Value,0.810650887573965
Precision,0.956886967263743
Recall,0.9958858318333762
F1,0.9759969759969761
Prevalence,0.941190706679574
Detection Rate,0.9373184898354308
Detection Prevalence,0.9795498547918683
Balanced Accuracy,0.6388894179743012
