metric,value
Sensitivity,0.9451510333863276
Specificity,0.7225225225225225
Pos Pred Value,0.8853313477289649
Neg Pred Value,0.8531914893617022
Precision,0.885331347728965
Recall,0.9451510333863276
F1,0.9142637447135717
Prevalence,0.6938775510204082
Detection Rate,0.655819084390513
Detection Prevalence,0.740761169332598
Balanced Accuracy,0.833836777954425
