metric,value
Sensitivity,0.9253012048192771
Specificity,0.8450704225352113
Pos Pred Value,0.9290322580645161
Neg Pred Value,0.8376963350785341
Precision,0.9290322580645162
Recall,0.9253012048192771
F1,0.9271629778672033
Prevalence,0.6867071152785439
Detection Rate,0.6354109211252068
Detection Prevalence,0.6839492553778268
Balanced Accuracy,0.8851858136772441
