metric,value
Sensitivity,0.9572719802793755
Specificity,0.7130872483221476
Pos Pred Value,0.8720059880239521
Neg Pred Value,0.8909853249475892
Precision,0.8720059880239521
Recall,0.9572719802793755
F1,0.9126517822169996
Prevalence,0.6712630998345284
Detection Rate,0.6425813568670712
Detection Prevalence,0.7369001654715941
Balanced Accuracy,0.8351796143007616
