metric,value
Sensitivity,0.9246190858059342
Specificity,0.8374558303886925
Pos Pred Value,0.9261044176706826
Neg Pred Value,0.8345070422535211
Precision,0.9261044176706827
Recall,0.9246190858059342
F1,0.9253611556982344
Prevalence,0.6878102592388307
Detection Rate,0.6359624931053502
Detection Prevalence,0.6867071152785439
Balanced Accuracy,0.8810374580973134
