metric,value
Sensitivity,0.9911470361816782
Specificity,0.3872340425531915
Pos Pred Value,0.9640584050917259
Neg Pred Value,0.7250996015936255
Precision,0.9640584050917259
Recall,0.9911470361816782
F1,0.9774150692731068
Prevalence,0.9431268151016456
Detection Rate,0.9347773475314618
Detection Prevalence,0.9696272991287512
Balanced Accuracy,0.6891905393674349
