metric,value
Sensitivity,0.94679186228482
Specificity,0.7775700934579439
Pos Pred Value,0.9104589917231001
Neg Pred Value,0.859504132231405
Precision,0.9104589917231001
Recall,0.94679186228482
F1,0.9282700421940929
Prevalence,0.7049089906232764
Detection Rate,0.6674020959735245
Detection Prevalence,0.7330391616105901
Balanced Accuracy,0.862180977871382
