metric,value
Sensitivity,0.8481012658227848
Specificity,0.8846153846153846
Pos Pred Value,0.9178082191780822
Neg Pred Value,0.7931034482758621
Precision,0.9178082191780822
Recall,0.8481012658227848
F1,0.881578947368421
Prevalence,0.6030534351145038
Detection Rate,0.5114503816793893
Detection Prevalence,0.5572519083969466
Balanced Accuracy,0.8663583252190847
