metric,value
Sensitivity,0.9927816447538025
Specificity,0.5019762845849802
Pos Pred Value,0.968317827508172
Neg Pred Value,0.8193548387096765
Precision,0.968317827508172
Recall,0.9927816447538025
F1,0.9803971486761711
Prevalence,0.9387705711519845
Detection Rate,0.9319941916747337
Detection Prevalence,0.962487899322362
Balanced Accuracy,0.7473789646693914
