metric,value
Sensitivity,0.9485116653258246
Specificity,0.9245614035087719
Pos Pred Value,0.9648117839607202
Neg Pred Value,0.8917089678511
Precision,0.9648117839607201
Recall,0.9485116653258246
F1,0.9565922920892495
Prevalence,0.685603971318257
Detection Rate,0.6503033645890789
Detection Prevalence,0.6740209597352455
Balanced Accuracy,0.9365365344172982
