label,recall,support
Botnet,0.9915384615384616,7800
Normal,0.48060344827586204,464
