metric,value
Sensitivity,0.9897304236200257
Specificity,0.7953586497890295
Pos Pred Value,0.9875752529780966
Neg Pred Value,0.8249452954048148
Precision,0.9875752529780966
Recall,0.9897304236200257
F1,0.9886516637814964
Prevalence,0.9426427879961278
Detection Rate,0.9329622458857696
Detection Prevalence,0.9446999031945789
Balanced Accuracy,0.8925445367045276
