metric,value
Sensitivity,0.9897132570399897
Specificity,0.6119096509240246
Pos Pred Value,0.9760334770479331
Neg Pred Value,0.788359788359788
Precision,0.9760334770479331
Recall,0.9897132570399897
F1,0.9828257677328738
Prevalence,0.9410696999031946
Detection Rate,0.9313891577928364
Detection Prevalence,0.9542594385285575
Balanced Accuracy,0.8008114539820071
