metric,value
Sensitivity,0.9908186687069626
Specificity,0.7962085308056872
Pos Pred Value,0.9890529531568228
Neg Pred Value,0.8235294117647065
Precision,0.9890529531568228
Recall,0.9908186687069626
F1,0.9899350235698815
Prevalence,0.9489351403678606
Detection Rate,0.9402226524685382
Detection Prevalence,0.9506292352371732
Balanced Accuracy,0.8935135997563248
