metric,value
Sensitivity,0.928006329113924
Specificity,0.8633879781420765
Pos Pred Value,0.939903846153846
Neg Pred Value,0.8389380530973451
Precision,0.9399038461538461
Recall,0.928006329113924
F1,0.9339171974522292
Prevalence,0.6971869829012686
Detection Rate,0.6469939327082185
Detection Prevalence,0.6883618312189741
Balanced Accuracy,0.8956971536280003
