label,recall,support
Botnet,0.9939619732785201,7784
Normal,0.31875,480
