label,recall,support
Botnet,0.9924154775678108,7779
Normal,0.4556701030927835,485
