metric,value
Sensitivity,0.9525316455696202
Specificity,0.8397085610200364
Pos Pred Value,0.9318885448916409
Neg Pred Value,0.8848368522072937
Precision,0.9318885448916409
Recall,0.9525316455696202
F1,0.9420970266040689
Prevalence,0.6971869829012686
Detection Rate,0.6640926640926641
Detection Prevalence,0.7126309983452841
Balanced Accuracy,0.8961201032948283
