metric,value
Sensitivity,0.9903944672131147
Specificity,0.39473684210526316
Pos Pred Value,0.9655387688850043
Neg Pred Value,0.7058823529411764
Precision,0.9655387688850043
Recall,0.9903944672131147
F1,0.9778086868559145
Prevalence,0.9448209099709584
Detection Rate,0.9357454017424975
Detection Prevalence,0.9691432720232332
Balanced Accuracy,0.692565654659189
