metric,value
Sensitivity,0.9908763813929581
Specificity,0.5456431535269709
Pos Pred Value,0.9723833543505674
Neg Pred Value,0.7874251497005984
Precision,0.9723833543505674
Recall,0.9908763813929581
F1,0.9815427698574337
Prevalence,0.9416747337850919
Detection Rate,0.9330832526621491
Detection Prevalence,0.9595837366892546
Balanced Accuracy,0.7682597674599645
