metric,value
Sensitivity,0.9953703703703703
Specificity,0.305327868852459
Pos Pred Value,0.9580393613070924
Neg Pred Value,0.8054054054054048
Precision,0.9580393613070924
Recall,0.9953703703703703
F1,0.9763481551561022
Prevalence,0.9409486931268151
Detection Rate,0.9365924491771539
Detection Prevalence,0.9776137463697967
Balanced Accuracy,0.6503491196114146
