metric,value
Sensitivity,0.9529130087789306
Specificity,0.825
Pos Pred Value,0.9241486068111455
Neg Pred Value,0.8867562380038388
Precision,0.9241486068111455
Recall,0.9529130087789306
F1,0.9383104125736739
Prevalence,0.6911196911196911
Detection Rate,0.65857694429123
Detection Prevalence,0.7126309983452841
Balanced Accuracy,0.8889565043894653
