metric,value
Sensitivity,0.8571428571428571
Specificity,0.9629629629629629
Pos Pred Value,0.9705882352941176
Neg Pred Value,0.8253968253968254
Precision,0.9705882352941176
Recall,0.8571428571428571
F1,0.9103448275862068
Prevalence,0.5877862595419847
Detection Rate,0.5038167938931297
Detection Prevalence,0.5190839694656488
Balanced Accuracy,0.91005291005291
