metric,value
Sensitivity,0.9345189975747777
Specificity,0.8645833333333334
Pos Pred Value,0.9367909238249595
Neg Pred Value,0.8601036269430052
Precision,0.9367909238249594
Recall,0.9345189975747777
F1,0.9356535815459329
Prevalence,0.6822945394373966
Detection Rate,0.6376172090457805
Detection Prevalence,0.6806398234969664
Balanced Accuracy,0.8995511654540556
