metric,value
Sensitivity,0.9886131013306039
Specificity,0.7857142857142857
Pos Pred Value,0.987728492905535
Neg Pred Value,0.7981859410430836
Precision,0.987728492905535
Recall,0.9886131013306039
F1,0.9881705991431677
Prevalence,0.9457889641819942
Detection Rate,0.9350193610842207
Detection Prevalence,0.9466360116166506
Balanced Accuracy,0.8871636935224447
