label,recall,support
Botnet,0.9896180466547039,7802
Normal,0.5541125541125541,462
