metric,value
Sensitivity,0.9465408805031447
Specificity,0.7319778188539742
Pos Pred Value,0.8925129725722758
Neg Pred Value,0.8534482758620691
Precision,0.8925129725722758
Recall,0.9465408805031447
F1,0.918733307897749
Prevalence,0.7015995587424159
Detection Rate,0.6640926640926641
Detection Prevalence,0.7440706012134584
Balanced Accuracy,0.8392593496785594
