metric,value
Sensitivity,0.9888246628131021
Specificity,0.5949895615866388
Pos Pred Value,0.9754181449569185
Neg Pred Value,0.7661290322580642
Precision,0.9754181449569184
Recall,0.9888246628131021
F1,0.9820756522293806
Prevalence,0.9420377541142304
Detection Rate,0.9315101645692159
Detection Prevalence,0.9549854791868344
Balanced Accuracy,0.7919071121998704
