metric,value
Sensitivity,0.9898821721311475
Specificity,0.6074561403508771
Pos Pred Value,0.977364693980779
Neg Pred Value,0.7780898876404485
Precision,0.977364693980779
Recall,0.9898821721311475
F1,0.9835836090608298
Prevalence,0.9448209099709584
Detection Rate,0.9352613746369797
Detection Prevalence,0.9569215876089061
Balanced Accuracy,0.7986691562410123
