metric,value
Sensitivity,0.989729105148286
Specificity,0.7810526315789473
Pos Pred Value,0.9866888519134775
Neg Pred Value,0.8226164079822618
Precision,0.9866888519134775
Recall,0.989729105148286
F1,0.9882066401743366
Prevalence,0.9425217812197483
Detection Rate,0.9328412391093901
Detection Prevalence,0.9454259438528557
Balanced Accuracy,0.8853908683636167
