metric,value
Sensitivity,0.9332285938727416
Specificity,0.825925925925926
Pos Pred Value,0.9266770670826834
Neg Pred Value,0.839924670433145
Precision,0.9266770670826833
Recall,0.9332285938727416
F1,0.9299412915851272
Prevalence,0.7021511307225593
Detection Rate,0.6552675124103695
Detection Prevalence,0.7071152785438499
Balanced Accuracy,0.8795772598993338
