label,recall,support
Botnet,0.9928260312580066,7806
Normal,0.47161572052401746,458
