label,recall,support
Botnet,0.992051282051282,7800
Normal,0.5883620689655172,464
