metric,value
Sensitivity,0.9891011668162585
Specificity,0.5827956989247312
Pos Pred Value,0.975467880627213
Neg Pred Value,0.7612359550561794
Precision,0.9754678806272129
Recall,0.9891011668162585
F1,0.9822372190742981
Prevalence,0.9437318489835431
Detection Rate,0.9334462729912875
Detection Prevalence,0.9569215876089061
Balanced Accuracy,0.7859484328704949
