metric,value
Sensitivity,0.9429718875502008
Specificity,0.8433098591549296
Pos Pred Value,0.9295328582739509
Neg Pred Value,0.8709090909090909
Precision,0.9295328582739509
Recall,0.9429718875502008
F1,0.9362041467304626
Prevalence,0.6867071152785439
Detection Rate,0.6475455046883618
Detection Prevalence,0.6966354109211252
Balanced Accuracy,0.8931408733525652
