label,recall,support
Botnet,0.9905091701936642,7797
Normal,0.582441113490364,467
