metric,value
Sensitivity,0.9901256732495511
Specificity,0.5836909871244635
Pos Pred Value,0.9754895767530006
Neg Pred Value,0.7793696275071628
Precision,0.9754895767530006
Recall,0.9901256732495511
F1,0.9827531343473558
Prevalence,0.9436108422071636
Detection Rate,0.9342933204259438
Detection Prevalence,0.9577686350435625
Balanced Accuracy,0.7869083301870073
