label,recall,support
Botnet,0.9907347831681894,7771
Normal,0.7586206896551724,493
