metric,value
Sensitivity,0.9893617021276596
Specificity,0.6103896103896104
Pos Pred Value,0.9772123053551082
Neg Pred Value,0.772602739726028
Precision,0.9772123053551083
Recall,0.9893617021276596
F1,0.9832494745557608
Prevalence,0.9440948693126815
Detection Rate,0.9340513068731849
Detection Prevalence,0.9558325266214908
Balanced Accuracy,0.799875656258635
