metric,value
Sensitivity,0.991793819720477
Specificity,0.3741935483870968
Pos Pred Value,0.963742835783703
Neg Pred Value,0.7310924369747895
Precision,0.963742835783703
Recall,0.991793819720477
F1,0.977567140600316
Prevalence,0.9437318489835431
Detection Rate,0.9359874152952565
Detection Prevalence,0.9712003872216844
Balanced Accuracy,0.6829936840537869
