metric,value
Sensitivity,0.941501976284585
Specificity,0.718978102189781
Pos Pred Value,0.8855018587360594
Neg Pred Value,0.8418803418803418
Precision,0.8855018587360595
Recall,0.941501976284585
F1,0.9126436781609195
Prevalence,0.697738554881412
Detection Rate,0.6569222283507998
Detection Prevalence,0.7418643132928847
Balanced Accuracy,0.8302400392371829
