metric,value
Sensitivity,0.9527243589743589
Specificity,0.7309734513274336
Pos Pred Value,0.8866517524235645
Neg Pred Value,0.8749999999999999
Precision,0.8866517524235645
Recall,0.9527243589743589
F1,0.9185013518733102
Prevalence,0.6883618312189741
Detection Rate,0.655819084390513
Detection Prevalence,0.7396580253723111
Balanced Accuracy,0.8418489051508963
