metric,value
Sensitivity,0.9411296738265712
Specificity,0.8884892086330936
Pos Pred Value,0.9502008032128514
Neg Pred Value,0.869718309859155
Precision,0.9502008032128514
Recall,0.9411296738265712
F1,0.9456434852118306
Prevalence,0.6933259790402647
Detection Rate,0.6525096525096525
Detection Prevalence,0.6867071152785439
Balanced Accuracy,0.9148094412298324
