metric,value
Sensitivity,0.988238302224495
Specificity,0.5610859728506787
Pos Pred Value,0.9755174154467441
Neg Pred Value,0.7294117647058828
Precision,0.9755174154467441
Recall,0.988238302224495
F1,0.9818366569287438
Prevalence,0.9465150048402711
Detection Rate,0.9353823814133592
Detection Prevalence,0.9588576960309777
Balanced Accuracy,0.7746621375375868
