label,recall,support
Botnet,0.991793819720477,7799
Normal,0.3741935483870968,465
