label,recall,support
Botnet,0.9885897435897436,7800
Normal,0.6767241379310345,464
