metric,value
Sensitivity,0.9439102564102564
Specificity,0.8389380530973451
Pos Pred Value,0.9282899921197794
Neg Pred Value,0.8713235294117646
Precision,0.9282899921197794
Recall,0.9439102564102564
F1,0.9360349622566548
Prevalence,0.6883618312189741
Detection Rate,0.6497517926089355
Detection Prevalence,0.6999448428019857
Balanced Accuracy,0.8914241547538008
