metric,value
Sensitivity,0.9916623909697281
Specificity,0.7841880341880342
Pos Pred Value,0.9871041879468845
Neg Pred Value,0.8495370370370373
Precision,0.9871041879468846
Recall,0.9916623909697281
F1,0.989378039416432
Prevalence,0.9433688286544046
Detection Rate,0.9355033881897387
Detection Prevalence,0.9477250726040658
Balanced Accuracy,0.8879252125788811
