label,recall,support
Botnet,0.9890322580645161,7750
Normal,0.6614785992217899,514
