metric,value
Sensitivity,0.9399209486166008
Specificity,0.8448905109489051
Pos Pred Value,0.9332810047095761
Neg Pred Value,0.8589981447124304
Precision,0.9332810047095761
Recall,0.9399209486166008
F1,0.9365892083497439
Prevalence,0.697738554881412
Detection Rate,0.655819084390513
Detection Prevalence,0.7027027027027027
Balanced Accuracy,0.892405729782753
