metric,value
Sensitivity,0.9909689072377758
Specificity,0.7680311890838206
Pos Pred Value,0.9847435897435897
Neg Pred Value,0.8491379310344827
Precision,0.9847435897435898
Recall,0.9909689072377758
F1,0.9878464407433605
Prevalence,0.9379235237173281
Detection Rate,0.9294530493707648
Detection Prevalence,0.9438528557599225
Balanced Accuracy,0.8795000481607982
