metric,value
Sensitivity,0.9881550148062315
Specificity,0.6861167002012073
Pos Pred Value,0.9800791725194739
Neg Pred Value,0.7875288683602767
Precision,0.9800791725194739
Recall,0.9881550148062315
F1,0.9841005257084241
Prevalence,0.9398596321393998
Detection Rate,0.9287270087124879
Detection Prevalence,0.9476040658276863
Balanced Accuracy,0.8371358575037193
