label,recall,support
Botnet,0.9882897953931283,7771
Normal,0.7789046653144016,493
