metric,value
Sensitivity,0.989573947741022
Specificity,0.5595959595959596
Pos Pred Value,0.9724260055653934
Neg Pred Value,0.7737430167597766
Precision,0.9724260055653934
Recall,0.989573947741022
F1,0.9809250398724083
Prevalence,0.9401016456921588
Detection Rate,0.9303000968054211
Detection Prevalence,0.9566795740561471
Balanced Accuracy,0.7745849536684908
