label,recall,support
Botnet,0.9907621247113164,7794
Normal,0.5404255319148936,470
