metric,value
Sensitivity,0.9205974842767296
Specificity,0.8558225508317929
Pos Pred Value,0.9375500400320256
Neg Pred Value,0.8209219858156029
Precision,0.9375500400320256
Recall,0.9205974842767296
F1,0.9289964299881
Prevalence,0.7015995587424159
Detection Rate,0.6458907887479316
Detection Prevalence,0.6889134031991175
Balanced Accuracy,0.8882100175542613
