label,recall,support
Botnet,0.9917990773962071,7804
Normal,0.5695652173913044,460
