metric,value
Sensitivity,0.9895140664961637
Specificity,0.6171171171171171
Pos Pred Value,0.9785027819929186
Neg Pred Value,0.7696629213483149
Precision,0.9785027819929185
Recall,0.9895140664961637
F1,0.9839776195320448
Prevalence,0.9462729912875121
Detection Rate,0.936350435624395
Detection Prevalence,0.9569215876089061
Balanced Accuracy,0.8033155918066404
