metric,value
Sensitivity,0.9356382978723404
Specificity,0.8702380952380953
Pos Pred Value,0.9416488222698073
Neg Pred Value,0.857981220657277
Precision,0.9416488222698073
Recall,0.9356382978723404
F1,0.9386339381003201
Prevalence,0.6911764705882353
Detection Rate,0.6466911764705883
Detection Prevalence,0.6867647058823529
Balanced Accuracy,0.9029381965552179
