metric,value
Sensitivity,0.9491255961844197
Specificity,0.8522522522522522
Pos Pred Value,0.9357366771159875
Neg Pred Value,0.8808193668528863
Precision,0.9357366771159875
Recall,0.9491255961844197
F1,0.9423835832675612
Prevalence,0.6938775510204082
Detection Rate,0.65857694429123
Detection Prevalence,0.7038058466629895
Balanced Accuracy,0.900688924218336
