label,recall,support
Botnet,0.9895819935691318,7775
Normal,0.5705521472392638,489
