label,recall,support
Botnet,0.9887583035258048,7828
Normal,0.518348623853211,436
