metric,value
Sensitivity,0.9551181102362205
Specificity,0.712707182320442
Pos Pred Value,0.8860482103725347
Neg Pred Value,0.8716216216216217
Precision,0.8860482103725347
Recall,0.9551181102362205
F1,0.9192876089427813
Prevalence,0.7004964147821291
Detection Rate,0.6690568119139547
Detection Prevalence,0.7551020408163265
Balanced Accuracy,0.8339126462783313
