label,recall,support
Botnet,0.9887338368966841,7811
Normal,0.5717439293598234,453
