label,recall,support
Botnet,0.9913981255616896,7789
Normal,0.511578947368421,475
