metric,value
Sensitivity,0.988468930172966
Specificity,0.5686274509803921
Pos Pred Value,0.9749778844938708
Neg Pred Value,0.7435897435897425
Precision,0.9749778844938708
Recall,0.988468930172966
F1,0.9816770581498918
Prevalence,0.94445788964182
Detection Rate,0.933567279767667
Detection Prevalence,0.9575266214908035
Balanced Accuracy,0.7785481905766791
