metric,value
Sensitivity,0.9898326898326898
Specificity,0.7753036437246964
Pos Pred Value,0.9857728787490387
Neg Pred Value,0.8290043290043285
Precision,0.9857728787490387
Recall,0.9898326898326898
F1,0.9877986128949395
Prevalence,0.9402226524685382
Detection Rate,0.9306631171345595
Detection Prevalence,0.9440948693126815
Balanced Accuracy,0.8825681667786931
