metric,value
Sensitivity,0.9893589743589744
Specificity,0.6056034482758621
Pos Pred Value,0.9768354430379748
Neg Pred Value,0.771978021978022
Precision,0.9768354430379746
Recall,0.9893589743589744
F1,0.9830573248407644
Prevalence,0.9438528557599225
Detection Rate,0.933809293320426
Detection Prevalence,0.9559535333978703
Balanced Accuracy,0.7974812113174182
