label,recall,support
Botnet,0.9888418622547134,7797
Normal,0.7516059957173448,467
