metric,value
Sensitivity,0.9315068493150684
Specificity,0.8448275862068966
Pos Pred Value,0.8831168831168831
Neg Pred Value,0.9074074074074073
Precision,0.8831168831168831
Recall,0.9315068493150684
F1,0.9066666666666665
Prevalence,0.5572519083969466
Detection Rate,0.5190839694656488
Detection Prevalence,0.5877862595419847
Balanced Accuracy,0.8881672177609825
