metric,value
Sensitivity,0.9916516825070639
Specificity,0.5125523012552301
Pos Pred Value,0.9707065627357304
Neg Pred Value,0.7903225806451605
Precision,0.9707065627357304
Recall,0.9916516825070639
F1,0.9810673443456163
Prevalence,0.9421587608906099
Detection Rate,0.9342933204259438
Detection Prevalence,0.962487899322362
Balanced Accuracy,0.752101991881147
