label,recall,support
Botnet,0.9897159017868621,7779
Normal,0.6103092783505155,485
