metric,value
Sensitivity,0.9900964630225081
Specificity,0.7750511247443763
Pos Pred Value,0.9859118852459017
Neg Pred Value,0.8311403508771935
Precision,0.9859118852459017
Recall,0.9900964630225081
F1,0.9879997433100173
Prevalence,0.9408276863504357
Detection Rate,0.9315101645692159
Detection Prevalence,0.9448209099709584
Balanced Accuracy,0.8825737938834421
