metric,value
Sensitivity,0.957258064516129
Specificity,0.7137870855148342
Pos Pred Value,0.8786084381939304
Neg Pred Value,0.8852813852813852
Precision,0.8786084381939304
Recall,0.957258064516129
F1,0.916248552682362
Prevalence,0.6839492553778268
Detection Rate,0.6547159404302262
Detection Prevalence,0.7451737451737451
Balanced Accuracy,0.83552257501548155
