metric,value
Sensitivity,0.9510825982357658
Specificity,0.7014134275618374
Pos Pred Value,0.8752767527675277
Neg Pred Value,0.8668122270742357
Precision,0.8752767527675277
Recall,0.9510825982357658
F1,0.9116064565718678
Prevalence,0.6878102592388307
Detection Rate,0.6541643684500827
Detection Prevalence,0.7473800330943188
Balanced Accuracy,0.8262480128988017
