metric,value
Sensitivity,0.9905067350865939
Specificity,0.40298507462686567
Pos Pred Value,0.9650043744531933
Neg Pred Value,0.7186311787072234
Precision,0.9650043744531933
Recall,0.9905067350865939
F1,0.9775892631045834
Prevalence,0.9432478218780251
Detection Rate,0.9342933204259438
Detection Prevalence,0.9681752178121975
Balanced Accuracy,0.6967459048567298
