metric,value
Sensitivity,0.9889800102511532
Specificity,0.6152173913043478
Pos Pred Value,0.977580747308423
Neg Pred Value,0.7669376693766933
Precision,0.977580747308423
Recall,0.9889800102511532
F1,0.9832473405949423
Prevalence,0.9443368828654405
Detection Rate,0.9339303000968054
Detection Prevalence,0.9553484995159729
Balanced Accuracy,0.8020987007777505
