metric,value
Sensitivity,0.9877970456005138
Specificity,0.5490605427974948
Pos Pred Value,0.9726789779913989
Neg Pred Value,0.7346368715083804
Precision,0.9726789779913989
Recall,0.9877970456005138
F1,0.9801797208590912
Prevalence,0.9420377541142304
Detection Rate,0.93054211035818
Detection Prevalence,0.9566795740561471
Balanced Accuracy,0.7684287941990043
