metric,value
Sensitivity,0.9897264671889046
Specificity,0.5974842767295597
Pos Pred Value,0.9756931257121154
Neg Pred Value,0.7808219178082185
Precision,0.9756931257121154
Recall,0.9897264671889046
F1,0.9826596965446894
Prevalence,0.9422797676669894
Detection Rate,0.9325992255566312
Detection Prevalence,0.9558325266214908
Balanced Accuracy,0.7936053719592322
