metric,value
Sensitivity,0.9354575163398693
Specificity,0.8285229202037352
Pos Pred Value,0.9189406099518459
Neg Pred Value,0.8606701940035274
Precision,0.9189406099518459
Recall,0.9354575163398693
F1,0.9271255060728746
Prevalence,0.6751241036955322
Detection Rate,0.631549917264203
Detection Prevalence,0.6872586872586872
Balanced Accuracy,0.8819902182718022
