metric,value
Sensitivity,0.9373513084853291
Specificity,0.8405797101449275
Pos Pred Value,0.9307086614173228
Neg Pred Value,0.85451197053407
Precision,0.9307086614173228
Recall,0.9373513084853291
F1,0.9340181746345317
Prevalence,0.6955322669608384
Detection Rate,0.6519580805295091
Detection Prevalence,0.7004964147821291
Balanced Accuracy,0.8889655093151283
