metric,value
Sensitivity,0.944888178913738
Specificity,0.8787878787878788
Pos Pred Value,0.9456434852118306
Neg Pred Value,0.8772241992882562
Precision,0.9456434852118305
Recall,0.944888178913738
F1,0.9452656811825809
Prevalence,0.6905681191395477
Detection Rate,0.6525096525096525
Detection Prevalence,0.6900165471594043
Balanced Accuracy,0.9118380288508083
