label,recall,support
Botnet,0.9852223078900025,7782
Normal,0.8340248962655602,482
