metric,value
Sensitivity,0.9895833333333334
Specificity,0.5922131147540983
Pos Pred Value,0.9747909804915125
Neg Pred Value,0.7810810810810818
Precision,0.9747909804915126
Recall,0.9895833333333334
F1,0.9821314613911933
Prevalence,0.9409486931268151
Detection Rate,0.9311471442400775
Detection Prevalence,0.9552274927395934
Balanced Accuracy,0.7908982240437159
