metric,value
Sensitivity,0.9371605896043445
Specificity,0.7137404580152672
Pos Pred Value,0.8895434462444772
Neg Pred Value,0.82197802197802206
Precision,0.8895434462444771
Recall,0.9371605896043445
F1,0.9127313940309784
Prevalence,0.7109762824048539
Detection Rate,0.6662989520132377
Detection Prevalence,0.749034749034749
Balanced Accuracy,0.8254505238098058
