label,recall,support
Botnet,0.9889800102511532,7804
Normal,0.6152173913043478,460
