label,recall,support
Botnet,0.987589559877175,7816
Normal,0.8102678571428571,448
