label,recall,support
Botnet,0.9879471727144505,7799
Normal,0.8064516129032258,465
