metric,value
Sensitivity,0.9161290322580645
Specificity,0.86561954624781845
Pos Pred Value,0.9365210222588622
Neg Pred Value,0.8266666666666668
Precision,0.9365210222588624
Recall,0.9161290322580645
F1,0.9262128006522626
Prevalence,0.6839492553778268
Detection Rate,0.6265857694429123
Detection Prevalence,0.6690568119139547
Balanced Accuracy,0.8908742892529415
