label,recall,support
Botnet,0.9905067350865939,7795
Normal,0.40298507462686567,469
