metric,value
Sensitivity,0.927536231884058
Specificity,0.967741935483871
Pos Pred Value,0.9696969696969697
Neg Pred Value,0.923076923076923
Precision,0.9696969696969697
Recall,0.927536231884058
F1,0.9481481481481481
Prevalence,0.5267175572519084
Detection Rate,0.48854961832061067
Detection Prevalence,0.5038167938931297
Balanced Accuracy,0.9476390836839645
