metric,value
Sensitivity,0.9894871794871795
Specificity,0.5668103448275862
Pos Pred Value,0.974618007324157
Neg Pred Value,0.7623188405797099
Precision,0.974618007324157
Recall,0.9894871794871795
F1,0.9819963101978496
Prevalence,0.9438528557599225
Detection Rate,0.9339303000968054
Detection Prevalence,0.9582526621490803
Balanced Accuracy,0.7781487621573828
