metric,value
Sensitivity,0.9880708055413032
Specificity,0.8098290598290598
Pos Pred Value,0.9885780287474332
Neg Pred Value,0.8029661016949152
Precision,0.9885780287474333
Recall,0.9880708055413032
F1,0.9883243520656916
Prevalence,0.9433688286544046
Detection Rate,0.9321151984511132
Detection Prevalence,0.9428848015488868
Balanced Accuracy,0.8989499326851815
