metric,value
Sensitivity,0.9282218597063622
Specificity,0.7120954003407155
Pos Pred Value,0.8706962509563887
Neg Pred Value,0.8260869565217391
Precision,0.8706962509563887
Recall,0.9282218597063622
F1,0.8985392814844058
Prevalence,0.6762272476558191
Detection Rate,0.6276889134031991
Detection Prevalence,0.7209045780474352
Balanced Accuracy,0.8201586300235388
