label,recall,support
Botnet,0.9903722721437741,7790
Normal,0.6033755274261603,474
