metric,value
Sensitivity,0.951510333863275
Specificity,0.8522522522522522
Pos Pred Value,0.9358874120406566
Neg Pred Value,0.8857677902621722
Precision,0.9358874120406567
Recall,0.951510333863275
F1,0.9436342136381553
Prevalence,0.6938775510204082
Detection Rate,0.6602316602316602
Detection Prevalence,0.7054605626034197
Balanced Accuracy,0.9018812930577635
