label,recall,support
Botnet,0.9895833333333334,7776
Normal,0.5922131147540983,488
