metric,value
Sensitivity,0.9431387414708112
Specificity,0.7489878542510121
Pos Pred Value,0.9093567251461988
Neg Pred Value,0.8314606741573034
Precision,0.9093567251461988
Recall,0.9431387414708112
F1,0.925939709713435
Prevalence,0.7275234418091561
Detection Rate,0.6861555432984004
Detection Prevalence,0.7545504688361832
Balanced Accuracy,0.8460632978609117
