metric,value
Sensitivity,0.9533762057877814
Specificity,0.7398945518453427
Pos Pred Value,0.889055472263868
Neg Pred Value,0.8789144050104385
Precision,0.889055472263868
Recall,0.9533762057877814
F1,0.9200930954228084
Prevalence,0.6861555432984004
Detection Rate,0.6541643684500827
Detection Prevalence,0.7357970215113072
Balanced Accuracy,0.846635378816562
