label,recall,support
Botnet,0.9897422746505963,7799
Normal,0.7548387096774194,465
