metric,value
Sensitivity,0.991510162078724
Specificity,0.5816326530612245
Pos Pred Value,0.9740932642487046
Neg Pred Value,0.8119658119658127
Precision,0.9740932642487047
Recall,0.991510162078724
F1,0.9827245489896093
Prevalence,0.9407066795740562
Detection Rate,0.9327202323330106
Detection Prevalence,0.9575266214908035
Balanced Accuracy,0.7865714075699742
