label,recall,support
Botnet,0.9886845827439887,7777
Normal,0.6078028747433265,487
