metric,value
Sensitivity,0.9922819655261127
Specificity,0.5877551020408164
Pos Pred Value,0.9744820616472967
Neg Pred Value,0.8275862068965519
Precision,0.9744820616472966
Recall,0.9922819655261127
F1,0.9833014659018483
Prevalence,0.9407066795740562
Detection Rate,0.9334462729912875
Detection Prevalence,0.957889641819942
Balanced Accuracy,0.7900185337834645
