metric,value
Sensitivity,0.9902713773681515
Specificity,0.7477876106194691
Pos Pred Value,0.9854777070063695
Neg Pred Value,0.816425120772946
Precision,0.9854777070063694
Recall,0.9902713773681515
F1,0.9878687268548079
Prevalence,0.9453049370764763
Detection Rate,0.936108422071636
Detection Prevalence,0.9499031945788964
Balanced Accuracy,0.8690294939938104
