metric,value
Sensitivity,0.9108485499462943
Specificity,0.8601398601398601
Pos Pred Value,0.9339207048458149
Neg Pred Value,0.8163716814159292
Precision,0.933920704845815
Recall,0.9108485499462943
F1,0.9222403480152256
Prevalence,0.6845588235294118
Detection Rate,0.6235294117647059
Detection Prevalence,0.6676470588235294
Balanced Accuracy,0.8854942050430772
