metric,value
Sensitivity,0.9414595028067362
Specificity,0.7438162544169611
Pos Pred Value,0.890068233510235
Neg Pred Value,0.8522267206477733
Precision,0.890068233510235
Recall,0.9414595028067362
F1,0.9150428682774746
Prevalence,0.6878102592388307
Detection Rate,0.6475455046883618
Detection Prevalence,0.7275234418091561
Balanced Accuracy,0.8426378786118487
