label,recall,support
Botnet,0.9899626817655386,7771
Normal,0.3772819472616633,493
