label,recall,support
Botnet,0.9886802161049653,7774
Normal,0.7428571428571429,490
