metric,value
Sensitivity,0.9298387096774193
Specificity,0.8917975567190227
Pos Pred Value,0.9489711934156378
Neg Pred Value,0.8545150501672241
Precision,0.9489711934156378
Recall,0.9298387096774193
F1,0.9393075356415479
Prevalence,0.6839492553778268
Detection Rate,0.6359624931053502
Detection Prevalence,0.6701599558742416
Balanced Accuracy,0.910818133198221
