metric,value
Sensitivity,0.9892889405084527
Specificity,0.5922330097087378
Pos Pred Value,0.973336719146775
Neg Pred Value,0.7860824742268046
Precision,0.973336719146775
Recall,0.9892889405084527
F1,0.9812479999999999
Prevalence,0.9376815101645692
Detection Rate,0.9276379477250726
Detection Prevalence,0.9530493707647628
Balanced Accuracy,0.7907609751085953
