label,recall,support
Botnet,0.9916623909697281,7796
Normal,0.7841880341880342,468
