metric,value
Sensitivity,0.9409385113268608
Specificity,0.8405545927209706
Pos Pred Value,0.9266932270916334
Neg Pred Value,0.8691756272401433
Precision,0.9266932270916335
Recall,0.9409385113268608
F1,0.9337615415495785
Prevalence,0.6817429674572532
Detection Rate,0.6414782129067843
Detection Prevalence,0.692222835079978
Balanced Accuracy,0.8907465520239157
