metric,value
Sensitivity,0.9136690647482014
Specificity,0.8879003558718861
Pos Pred Value,0.9477611940298507
Neg Pred Value,0.8220757825370675
Precision,0.9477611940298507
Recall,0.9136690647482014
F1,0.9304029304029303
Prevalence,0.6900165471594043
Detection Rate,0.6304467733039162
Detection Prevalence,0.6651958080529509
Balanced Accuracy,0.9007847103100437
