label,recall,support
Botnet,0.9919261822376009,7803
Normal,0.4642082429501085,461
