label,recall,support
Botnet,0.9902288506042685,7778
Normal,0.35802469135802467,486
