metric,value
Sensitivity,0.9917811737511236
Specificity,0.3668763102725367
Pos Pred Value,0.9623676012461059
Neg Pred Value,0.7322175732217561
Precision,0.9623676012461059
Recall,0.9917811737511236
F1,0.9768530230204907
Prevalence,0.9422797676669894
Detection Rate,0.9345353339787028
Detection Prevalence,0.971079380445305
Balanced Accuracy,0.6793287420118301
