metric,value
Sensitivity,0.9302884615384616
Specificity,0.8884955752212389
Pos Pred Value,0.9485294117647058
Neg Pred Value,0.8522920203735145
Precision,0.9485294117647058
Recall,0.9302884615384616
F1,0.9393203883495146
Prevalence,0.6883618312189741
Detection Rate,0.6403750689464975
Detection Prevalence,0.6751241036955322
Balanced Accuracy,0.9093920183798503
