metric,value
Sensitivity,0.9868185308420783
Specificity,0.8
Pos Pred Value,0.9884630175618511
Neg Pred Value,0.7775377969762413
Precision,0.9884630175618511
Recall,0.9868185308420783
F1,0.9876400896573808
Prevalence,0.9455469506292352
Detection Rate,0.9330832526621491
Detection Prevalence,0.943973862536302
Balanced Accuracy,0.8934092654210392
