label,recall,support
Botnet,0.9902023978342143,7757
Normal,0.5641025641025641,507
