metric,value
Sensitivity,0.957395498392283
Specificity,0.8453427065026362
Pos Pred Value,0.9311962470680218
Neg Pred Value,0.9007490636704121
Precision,0.9311962470680218
Recall,0.957395498392283
F1,0.9441141498216408
Prevalence,0.6861555432984004
Detection Rate,0.6569222283507998
Detection Prevalence,0.7054605626034197
Balanced Accuracy,0.9013691024474596
