metric,value
Sensitivity,0.956
Specificity,0.8685612788632326
Pos Pred Value,0.941686367218282
Neg Pred Value,0.8988970588235293
Precision,0.9416863672182821
Recall,0.956
F1,0.9487892020643112
Prevalence,0.6894649751792609
Detection Rate,0.6591285162713734
Detection Prevalence,0.6999448428019857
Balanced Accuracy,0.9122806394316163
