metric,value
Sensitivity,0.9541062801932367
Specificity,0.8248686514886164
Pos Pred Value,0.9221789883268482
Neg Pred Value,0.8920454545454547
Precision,0.9221789883268483
Recall,0.9541062801932367
F1,0.9378709932726554
Prevalence,0.6850523993381136
Detection Rate,0.6536127964699393
Detection Prevalence,0.7087699944842802
Balanced Accuracy,0.8894874658409266
