label,recall,support
Botnet,0.9920441421788785,7793
Normal,0.7154989384288747,471
