label,recall,support
Botnet,0.9893780394164321,7814
Normal,0.6155555555555555,450
