metric,value
Sensitivity,0.9884541372674791
Specificity,0.5863539445628998
Pos Pred Value,0.9754399291049499
Neg Pred Value,0.7534246575342459
Precision,0.97543992910495
Recall,0.9884541372674791
F1,0.9819039123231807
Prevalence,0.9432478218780251
Detection Rate,0.9323572120038722
Detection Prevalence,0.9558325266214908
Balanced Accuracy,0.7874040409151895
