label,recall,support
Botnet,0.986392811296534,7790
Normal,0.7932489451476793,474
