metric,value
Sensitivity,0.9410377358490566
Specificity,0.833641404805915
Pos Pred Value,0.9300699300699301
Neg Pred Value,0.8574144486692016
Precision,0.9300699300699301
Recall,0.9410377358490566
F1,0.9355216881594374
Prevalence,0.7015995587424159
Detection Rate,0.6602316602316602
Detection Prevalence,0.709873138444567
Balanced Accuracy,0.8873395703274858
