metric,value
Sensitivity,0.8591549295774648
Specificity,0.8666666666666667
Pos Pred Value,0.8840579710144928
Neg Pred Value,0.8387096774193548
Precision,0.8840579710144928
Recall,0.8591549295774648
F1,0.8714285714285713
Prevalence,0.5419847328244275
Detection Rate,0.46564885496183206
Detection Prevalence,0.5267175572519084
Balanced Accuracy,0.8629107981220657
