label,recall,support
Botnet,0.9889474360622028,7781
Normal,0.7681159420289855,483
