label,recall,support
Botnet,0.9918939783839423,7772
Normal,0.508130081300813,492
