label,recall,support
Botnet,0.9916538263995891,7788
Normal,0.5567226890756303,476
