metric,value
Sensitivity,0.9455252918287937
Specificity,0.8181818181818182
Pos Pred Value,0.9267734553775745
Neg Pred Value,0.8605577689243028
Precision,0.9267734553775744
Recall,0.9455252918287937
F1,0.936055469953775
Prevalence,0.7087699944842802
Detection Rate,0.6701599558742416
Detection Prevalence,0.7231108659680088
Balanced Accuracy,0.8818535550053059
