metric,value
Sensitivity,0.9889474360622028
Specificity,0.7681159420289855
Pos Pred Value,0.9856539003458434
Neg Pred Value,0.811816192560175
Precision,0.9856539003458434
Recall,0.9889474360622028
F1,0.9872979214780602
Prevalence,0.9415537270087125
Detection Rate,0.9311471442400775
Detection Prevalence,0.9446999031945789
Balanced Accuracy,0.8785316890455941
