metric,value
Sensitivity,0.9424743892829
Specificity,0.8841911764705882
Pos Pred Value,0.9499602859412232
Neg Pred Value,0.8682310469314081
Precision,0.9499602859412232
Recall,0.9424743892829
F1,0.9462025316455697
Prevalence,0.6999448428019857
Detection Rate,0.6596800882515168
Detection Prevalence,0.6944291230005516
Balanced Accuracy,0.9133327828767441
