metric,value
Sensitivity,0.9917822290703646
Specificity,0.43907563025210083
Pos Pred Value,0.9665874108371918
Neg Pred Value,0.7655677655677646
Precision,0.9665874108371918
Recall,0.9917822290703646
F1,0.9790227517586665
Prevalence,0.9424007744433688
Detection Rate,0.9346563407550823
Detection Prevalence,0.9669651500484027
Balanced Accuracy,0.7154289296612327
