metric,value
Sensitivity,0.9885442141845797
Specificity,0.7575757575757576
Pos Pred Value,0.9846153846153847
Neg Pred Value,0.8081896551724133
Precision,0.9846153846153847
Recall,0.9885442141845797
F1,0.9865758879825294
Prevalence,0.9401016456921588
Detection Rate,0.9293320425943853
Detection Prevalence,0.9438528557599225
Balanced Accuracy,0.8730599858801686
