metric,value
Sensitivity,0.9448757763975155
Specificity,0.8666666666666667
Pos Pred Value,0.9456099456099456
Neg Pred Value,0.8650190114068441
Precision,0.9456099456099456
Recall,0.9448757763975155
F1,0.9452427184466019
Prevalence,0.7104247104247104
Detection Rate,0.6712630998345284
Detection Prevalence,0.709873138444567
Balanced Accuracy,0.9057712215320911
