metric,value
Sensitivity,0.9916709379805229
Specificity,0.5043478260869565
Pos Pred Value,0.9713819505460023
Neg Pred Value,0.7811447811447821
Precision,0.9713819505460023
Recall,0.9916709379805229
F1,0.981421596601357
Prevalence,0.9443368828654405
Detection Rate,0.9364714424007744
Detection Prevalence,0.9640609874152952
Balanced Accuracy,0.7480093820337397
