metric,value
Sensitivity,0.9346811819595645
Specificity,0.8956356736242884
Pos Pred Value,0.9562450278440732
Neg Pred Value,0.8489208633093525
Precision,0.9562450278440732
Recall,0.9346811819595645
F1,0.9453401494298074
Prevalence,0.7093215664644236
Detection Rate,0.6629895201323773
Detection Prevalence,0.6933259790402647
Balanced Accuracy,0.9151584277919265
