metric,value
Sensitivity,0.991383744855967
Specificity,0.5635245901639344
Pos Pred Value,0.9731128502903307
Neg Pred Value,0.8040935672514613
Precision,0.9731128502903307
Recall,0.991383744855967
F1,0.9821633329086509
Prevalence,0.9409486931268151
Detection Rate,0.9328412391093901
Detection Prevalence,0.9586156824782188
Balanced Accuracy,0.7774541675099507
