label,recall,support
Botnet,0.9894736842105263,7790
Normal,0.7763713080168776,474
