metric,value
Sensitivity,0.9867609254498715
Specificity,0.8305785123966942
Pos Pred Value,0.9894316277870859
Neg Pred Value,0.7960396039603961
Precision,0.9894316277870859
Recall,0.9867609254498715
F1,0.9880944719737436
Prevalence,0.941432720232333
Detection Rate,0.9289690222652468
Detection Prevalence,0.938891577928364
Balanced Accuracy,0.9086697189232829
