metric,value
Sensitivity,0.9865401871554929
Specificity,0.8293736501079914
Pos Pred Value,0.9898392282958199
Neg Pred Value,0.7852760736196316
Precision,0.9898392282958199
Recall,0.9865401871554929
F1,0.9881869542886492
Prevalence,0.943973862536302
Detection Rate,0.9312681510164569
Detection Prevalence,0.9408276863504357
Balanced Accuracy,0.9079569186317421
