metric,value
Sensitivity,0.9314285714285714
Specificity,0.8724489795918368
Pos Pred Value,0.9383223684210527
Neg Pred Value,0.8592964824120602
Precision,0.9383223684210527
Recall,0.9314285714285714
F1,0.9348627611634575
Prevalence,0.6756756756756757
Detection Rate,0.6293436293436293
Detection Prevalence,0.670711527854385
Balanced Accuracy,0.9019387755102041
