label,recall,support
Botnet,0.9921543408360128,7775
Normal,0.6012269938650306,489
