metric,value
Sensitivity,0.9474940334128878
Specificity,0.7086330935251799
Pos Pred Value,0.8802660753880266
Neg Pred Value,0.8565217391304348
Precision,0.8802660753880266
Recall,0.9474940334128878
F1,0.9126436781609195
Prevalence,0.6933259790402647
Detection Rate,0.6569222283507998
Detection Prevalence,0.746276889134032
Balanced Accuracy,0.8280635634690339
