metric,value
Sensitivity,0.9426100628930818
Specificity,0.7467652495378928
Pos Pred Value,0.8974550898203593
Neg Pred Value,0.8469601677148848
Precision,0.8974550898203593
Recall,0.9426100628930818
F1,0.9194785276073619
Prevalence,0.7015995587424159
Detection Rate,0.661334804191947
Detection Prevalence,0.7369001654715941
Balanced Accuracy,0.8446876562154872
