metric,value
Sensitivity,0.9914970368461736
Specificity,0.7430278884462151
Pos Pred Value,0.9835143769968051
Neg Pred Value,0.8496583143507966
Precision,0.9835143769968051
Recall,0.9914970368461736
F1,0.9874895746455379
Prevalence,0.9392545982575025
Detection Rate,0.9312681510164569
Detection Prevalence,0.9468780251694094
Balanced Accuracy,0.8672624626461944
