label,recall,support
Botnet,0.9917674298945202,7774
Normal,0.5714285714285714,490
