metric,value
Sensitivity,0.9472025216706068
Specificity,0.8621323529411765
Pos Pred Value,0.9412685982772123
Neg Pred Value,0.875
Precision,0.9412685982772122
Recall,0.9472025216706068
F1,0.9442262372348783
Prevalence,0.6999448428019857
Detection Rate,0.6629895201323773
Detection Prevalence,0.704357418643133
Balanced Accuracy,0.9046674373058916
