metric,value
Sensitivity,0.9483306836248012
Specificity,0.7603603603603604
Pos Pred Value,0.8996983408748115
Neg Pred Value,0.86652977412731
Precision,0.8996983408748115
Recall,0.9483306836248012
F1,0.923374613003096
Prevalence,0.6938775510204082
Detection Rate,0.6580253723110866
Detection Prevalence,0.7313844456701599
Balanced Accuracy,0.8543455219925808
