label,recall,support
Botnet,0.9867609254498715,7780
Normal,0.8305785123966942,484
