metric,value
Sensitivity,0.8666666666666667
Specificity,0.875
Pos Pred Value,0.9027777777777777
Neg Pred Value,0.8305084745762713
Precision,0.9027777777777778
Recall,0.8666666666666667
F1,0.8843537414965987
Prevalence,0.5725190839694656
Detection Rate,0.4961832061068702
Detection Prevalence,0.549618320610687
Balanced Accuracy,0.8708333333333333
