metric,value
Sensitivity,0.9510268562401264
Specificity,0.7367458866544789
Pos Pred Value,0.8931750741839763
Neg Pred Value,0.8666666666666667
Precision,0.8931750741839762
Recall,0.9510268562401264
F1,0.9211935730680949
Prevalence,0.6982901268615554
Detection Rate,0.6640926640926641
Detection Prevalence,0.7435190292333149
Balanced Accuracy,0.8438863714473026
