metric,value
Sensitivity,0.9431906614785992
Specificity,0.7424242424242424
Pos Pred Value,0.8991097922848665
Neg Pred Value,0.8430107526881719
Precision,0.8991097922848664
Recall,0.9431906614785992
F1,0.920622863653627
Prevalence,0.7087699944842802
Detection Rate,0.6685052399338114
Detection Prevalence,0.7435190292333149
Balanced Accuracy,0.8428074519514208
