metric,value
Sensitivity,0.9920441421788785
Specificity,0.7154989384288747
Pos Pred Value,0.9829624920534011
Neg Pred Value,0.8446115288220551
Precision,0.9829624920534011
Recall,0.9920441421788785
F1,0.9874824370928599
Prevalence,0.9430058083252663
Detection Rate,0.9355033881897387
Detection Prevalence,0.9517182962245886
Balanced Accuracy,0.8537715403038766
