metric,value
Sensitivity,0.958299919807538
Specificity,0.8674911660777385
Pos Pred Value,0.9409448818897637
Neg Pred Value,0.9042357274401472
Precision,0.9409448818897638
Recall,0.958299919807538
F1,0.9495431068732617
Prevalence,0.6878102592388307
Detection Rate,0.6591285162713734
Detection Prevalence,0.7004964147821291
Balanced Accuracy,0.9128955429426382
