label,recall,support
Botnet,0.989335731722986,7783
Normal,0.5883575883575883,481
