metric,value
Sensitivity,0.8947368421052632
Specificity,0.9454545454545454
Pos Pred Value,0.9577464788732394
Neg Pred Value,0.8666666666666667
Precision,0.9577464788732394
Recall,0.8947368421052632
F1,0.9251700680272109
Prevalence,0.5801526717557252
Detection Rate,0.5190839694656488
Detection Prevalence,0.5419847328244275
Balanced Accuracy,0.9200956937799043
