metric,value
Sensitivity,0.932956381260097
Specificity,0.6991304347826087
Pos Pred Value,0.8697289156626506
Neg Pred Value,0.8288659793814434
Precision,0.8697289156626506
Recall,0.932956381260097
F1,0.9002338269680437
Prevalence,0.68284611141754
Detection Rate,0.637065637065637
Detection Prevalence,0.7324875896304468
Balanced Accuracy,0.8160434080213528
