metric,value
Sensitivity,0.9365079365079365
Specificity,0.8698010849909584
Pos Pred Value,0.9424920127795527
Neg Pred Value,0.8573975044563279
Precision,0.9424920127795527
Recall,0.9365079365079365
F1,0.9394904458598725
Prevalence,0.694980694980695
Detection Rate,0.6508549365692223
Detection Prevalence,0.6905681191395477
Balanced Accuracy,0.9031545107494474
