label,recall,support
Botnet,0.9888332691567193,7791
Normal,0.7547568710359408,473
