metric,value
Sensitivity,0.9480830670926518
Specificity,0.8877005347593583
Pos Pred Value,0.9496
Neg Pred Value,0.8845470692717584
Precision,0.9496
Recall,0.9480830670926518
F1,0.9488409272581936
Prevalence,0.6905681191395477
Detection Rate,0.6547159404302262
Detection Prevalence,0.6894649751792609
Balanced Accuracy,0.9178918009260051
