metric,value
Sensitivity,0.9291896144767899
Specificity,0.8376383763837638
Pos Pred Value,0.9306540583136328
Neg Pred Value,0.8345588235294118
Precision,0.9306540583136328
Recall,0.9291896144767899
F1,0.9299212598425197
Prevalence,0.7010479867622724
Detection Rate,0.6514065085493657
Detection Prevalence,0.6999448428019857
Balanced Accuracy,0.8834139954302769
