label,recall,support
Botnet,0.9911583803177858,7804
Normal,0.7456521739130435,460
