metric,value
Sensitivity,0.9374505146476643
Specificity,0.9
Pos Pred Value,0.9556093623890234
Neg Pred Value,0.862369337979094
Precision,0.9556093623890234
Recall,0.9374505146476643
F1,0.9464428457234211
Prevalence,0.6966354109211252
Detection Rate,0.6530612244897959
Detection Prevalence,0.6833976833976834
Balanced Accuracy,0.9187252573238321
