metric,value
Sensitivity,0.9595559080095163
Specificity,0.8822463768115942
Pos Pred Value,0.9490196078431372
Neg Pred Value,0.905204460966543
Precision,0.9490196078431372
Recall,0.9595559080095163
F1,0.9542586750788644
Prevalence,0.6955322669608384
Detection Rate,0.6674020959735245
Detection Prevalence,0.7032542746828461
Balanced Accuracy,0.9209011424105553
