label,recall,support
Botnet,0.9920410783055199,7790
Normal,0.4936708860759494,474
