label,recall,support
Botnet,0.990760939304504,7793
Normal,0.5626326963906582,471
