metric,value
Sensitivity,0.9896033885252215
Specificity,0.627906976744186
Pos Pred Value,0.9776819680446361
Neg Pred Value,0.7857142857142863
Precision,0.977681968044636
Recall,0.9896033885252215
F1,0.9836065573770492
Prevalence,0.9427637947725073
Detection Rate,0.9329622458857696
Detection Prevalence,0.9542594385285575
Balanced Accuracy,0.8087551826347037
