label,recall,support
Botnet,0.98829280843947,7773
Normal,0.7617107942973523,491
