metric,value
Sensitivity,0.9439688715953307
Specificity,0.8465909090909091
Pos Pred Value,0.937403400309119
Neg Pred Value,0.861271676300578
Precision,0.9374034003091191
Recall,0.9439688715953307
F1,0.9406746801085691
Prevalence,0.7087699944842802
Detection Rate,0.6690568119139547
Detection Prevalence,0.7137341423055709
Balanced Accuracy,0.8952798903431198
