metric,value
Sensitivity,0.9265262020529443
Specificity,0.856156501726122
Pos Pred Value,0.9320652173913044
Neg Pred Value,0.8454545454545455
Precision,0.9320652173913043
Recall,0.9265262020529443
F1,0.9292874559739908
Prevalence,0.680514705882353
Detection Rate,0.6305147058823529
Detection Prevalence,0.6764705882352942
Balanced Accuracy,0.8913413518895332
