metric,value
Sensitivity,0.9881626351003603
Specificity,0.5691056910569106
Pos Pred Value,0.973137354282818
Neg Pred Value,0.7526881720430111
Precision,0.973137354282818
Recall,0.9881626351003603
F1,0.9805924412665985
Prevalence,0.9404646660212972
Detection Rate,0.9293320425943853
Detection Prevalence,0.9549854791868344
Balanced Accuracy,0.7786341630786354
