metric,value
Sensitivity,0.94896331738437
Specificity,0.815742397137746
Pos Pred Value,0.9203402938901778
Neg Pred Value,0.8769230769230769
Precision,0.9203402938901779
Recall,0.94896331738437
F1,0.9344326658814291
Prevalence,0.6916712630998345
Detection Rate,0.6563706563706564
Detection Prevalence,0.7131825703254274
Balanced Accuracy,0.8823528572610579
