label,recall,support
Botnet,0.9919127086007702,7790
Normal,0.510548523206751,474
