label,recall,support
Botnet,0.9898326898326898,7770
Normal,0.7753036437246964,494
