metric,value
Sensitivity,0.9217877094972067
Specificity,0.8857142857142857
Pos Pred Value,0.9474979491386382
Neg Pred Value,0.835016835016835
Precision,0.9474979491386383
Recall,0.9217877094972067
F1,0.9344660194174758
Prevalence,0.6911196911196911
Detection Rate,0.637065637065637
Detection Prevalence,0.6723662437948152
Balanced Accuracy,0.9037509976057462
