metric,value
Sensitivity,0.9325301204819277
Specificity,0.8697183098591549
Pos Pred Value,0.940080971659919
Neg Pred Value,0.8546712802768167
Precision,0.940080971659919
Recall,0.9325301204819277
F1,0.9362903225806453
Prevalence,0.6867071152785439
Detection Rate,0.6403750689464975
Detection Prevalence,0.6811913954771097
Balanced Accuracy,0.9011242151705413
