metric,value
Sensitivity,0.9884556182657773
Specificity,0.38247863247863245
Pos Pred Value,0.9638524077548468
Neg Pred Value,0.6654275092936803
Precision,0.9638524077548468
Recall,0.9884556182657773
F1,0.9759989867646127
Prevalence,0.9433688286544046
Detection Rate,0.9324782187802517
Detection Prevalence,0.9674491771539206
Balanced Accuracy,0.6854671253722049
