metric,value
Sensitivity,0.9220430107526881
Specificity,0.8546511627906976
Pos Pred Value,0.9320652173913042
Neg Pred Value,0.8352272727272726
Precision,0.9320652173913043
Recall,0.9220430107526881
F1,0.927027027027027
Prevalence,0.6838235294117647
Detection Rate,0.6305147058823529
Detection Prevalence,0.6764705882352942
Balanced Accuracy,0.8883470867716929
