metric,value
Sensitivity,0.990600051506567
Specificity,0.6726907630522089
Pos Pred Value,0.9792515274949084
Neg Pred Value,0.8210784313725484
Precision,0.9792515274949084
Recall,0.990600051506567
F1,0.9848930994750993
Prevalence,0.9397386253630203
Detection Rate,0.9309051306873185
Detection Prevalence,0.9506292352371732
Balanced Accuracy,0.831645407279388
