metric,value
Sensitivity,0.9406645569620253
Specificity,0.7431693989071039
Pos Pred Value,0.8939849624060151
Neg Pred Value,0.8447204968944101
Precision,0.893984962406015
Recall,0.9406645569620253
F1,0.9167309175019275
Prevalence,0.6971869829012686
Detection Rate,0.655819084390513
Detection Prevalence,0.7335907335907336
Balanced Accuracy,0.8419169779345645
