metric,value
Sensitivity,0.9917674298945202
Specificity,0.5714285714285714
Pos Pred Value,0.9734848484848485
Neg Pred Value,0.8139534883720922
Precision,0.9734848484848485
Recall,0.9917674298945202
F1,0.9825410985089843
Prevalence,0.9407066795740562
Detection Rate,0.9329622458857696
Detection Prevalence,0.9583736689254598
Balanced Accuracy,0.7815980006615457
