label,recall,support
Botnet,0.9958858318333762,7778
Normal,0.28189300411522633,486
