metric,value
Sensitivity,0.9913981255616896
Specificity,0.511578947368421
Pos Pred Value,0.9708322856424441
Neg Pred Value,0.7838709677419363
Precision,0.9708322856424441
Recall,0.9913981255616896
F1,0.9810074318744839
Prevalence,0.9425217812197483
Detection Rate,0.9344143272023233
Detection Prevalence,0.962487899322362
Balanced Accuracy,0.7514885364650553
