metric,value
Sensitivity,0.9890647111797247
Specificity,0.7983706720977597
Pos Pred Value,0.9872865031462694
Neg Pred Value,0.8218029350104826
Precision,0.9872865031462694
Recall,0.9890647111797247
F1,0.9881748071979436
Prevalence,0.9405856727976767
Detection Rate,0.9303000968054211
Detection Prevalence,0.9422797676669894
Balanced Accuracy,0.8937176916387422
