metric,value
Sensitivity,0.9325842696629213
Specificity,0.8377425044091711
Pos Pred Value,0.9266347687400318
Neg Pred Value,0.8497316636851521
Precision,0.9266347687400319
Recall,0.9325842696629213
F1,0.9296
Prevalence,0.6872586872586872
Detection Rate,0.640926640926641
Detection Prevalence,0.6916712630998345
Balanced Accuracy,0.8851633870360462
