metric,value
Sensitivity,0.9467831612390787
Specificity,0.8844765342960289
Pos Pred Value,0.9490445859872612
Neg Pred Value,0.8797127468581689
Precision,0.9490445859872612
Recall,0.9467831612390787
F1,0.9479125248508947
Prevalence,0.6944291230005516
Detection Rate,0.6574738003309432
Detection Prevalence,0.6927744070601214
Balanced Accuracy,0.9156298477675537
