label,recall,support
Botnet,0.9888418622547134,7797
Normal,0.6188436830835118,467
