metric,value
Sensitivity,0.9596774193548387
Specificity,0.675392670157068
Pos Pred Value,0.8648255813953488
Neg Pred Value,0.88558352402746
Precision,0.8648255813953488
Recall,0.9596774193548387
F1,0.9097859327217126
Prevalence,0.6839492553778268
Detection Rate,0.6563706563706564
Detection Prevalence,0.7589630446773304
Balanced Accuracy,0.8175350447559534
