metric,value
Sensitivity,0.9519615692554043
Specificity,0.8333333333333334
Pos Pred Value,0.926734216679657
Neg Pred Value,0.8867924528301886
Precision,0.926734216679657
Recall,0.9519615692554043
F1,0.9391785150078987
Prevalence,0.6889134031991175
Detection Rate,0.655819084390513
Detection Prevalence,0.7076668505239934
Balanced Accuracy,0.8926474512943688
