metric,value
Sensitivity,0.923921568627451
Specificity,0.9033457249070632
Pos Pred Value,0.9577235772357723
Neg Pred Value,0.8336192109777016
Precision,0.9577235772357724
Recall,0.923921568627451
F1,0.9405189620758483
Prevalence,0.7032542746828461
Detection Rate,0.6497517926089355
Detection Prevalence,0.6784335355763927
Balanced Accuracy,0.9136336467672571
