label,recall,support
Botnet,0.9884556182657773,7796
Normal,0.38247863247863245,468
