metric,value
Sensitivity,0.9899974352398051
Specificity,0.5665236051502146
Pos Pred Value,0.974501388538248
Neg Pred Value,0.7719298245614038
Precision,0.974501388538248
Recall,0.9899974352398051
F1,0.9821882951653944
Prevalence,0.9436108422071636
Detection Rate,0.9341723136495643
Detection Prevalence,0.9586156824782188
Balanced Accuracy,0.7782605201950099
