metric,value
Sensitivity,0.9491790461297889
Specificity,0.8426966292134831
Pos Pred Value,0.9352850539291216
Neg Pred Value,0.8737864077669903
Precision,0.9352850539291218
Recall,0.9491790461297889
F1,0.9421808304229724
Prevalence,0.7054605626034197
Detection Rate,0.6696083838940982
Detection Prevalence,0.7159404302261445
Balanced Accuracy,0.895937837671636
