metric,value
Sensitivity,0.9905407132813498
Specificity,0.5668934240362812
Pos Pred Value,0.9759445843828716
Neg Pred Value,0.7716049382716045
Precision,0.9759445843828716
Recall,0.9905407132813498
F1,0.9831884793503776
Prevalence,0.9466360116166506
Detection Rate,0.9376815101645692
Detection Prevalence,0.9607938044530494
Balanced Accuracy,0.7787170686588155
