metric,value
Sensitivity,0.9899588053553038
Specificity,0.7903225806451613
Pos Pred Value,0.9866564023607903
Neg Pred Value,0.8340425531914889
Precision,0.9866564023607903
Recall,0.9899588053553038
F1,0.9883048451355867
Prevalence,0.9399806389157793
Detection Rate,0.93054211035818
Detection Prevalence,0.9431268151016456
Balanced Accuracy,0.8901406930002325
