label,recall,support
Botnet,0.989516747634876,7822
Normal,0.5882352941176471,442
