metric,value
Sensitivity,0.9483163664839468
Specificity,0.8470149253731343
Pos Pred Value,0.9365815931941222
Neg Pred Value,0.8730769230769232
Precision,0.9365815931941222
Recall,0.9483163664839468
F1,0.9424124513618677
Prevalence,0.704357418643133
Detection Rate,0.667953667953668
Detection Prevalence,0.7131825703254274
Balanced Accuracy,0.8976656459285406
