metric,value
Sensitivity,0.9227738376674547
Specificity,0.8492647058823529
Pos Pred Value,0.9345570630486832
Neg Pred Value,0.825
Precision,0.9345570630486831
Recall,0.9227738376674547
F1,0.9286280729579699
Prevalence,0.6999448428019857
Detection Rate,0.6458907887479316
Detection Prevalence,0.6911196911196911
Balanced Accuracy,0.8860192717749038
