metric,value
Sensitivity,0.9905298182748912
Specificity,0.6155555555555555
Pos Pred Value,0.9781372425123215
Neg Pred Value,0.7891737891737884
Precision,0.9781372425123215
Recall,0.9905298182748912
F1,0.9842945253385896
Prevalence,0.9455469506292352
Detection Rate,0.9365924491771539
Detection Prevalence,0.9575266214908035
Balanced Accuracy,0.8030426869152234
