metric,value
Sensitivity,0.9467408585055644
Specificity,0.7351351351351352
Pos Pred Value,0.8901345291479821
Neg Pred Value,0.8589473684210528
Precision,0.8901345291479821
Recall,0.9467408585055644
F1,0.9175654853620955
Prevalence,0.6938775510204082
Detection Rate,0.6569222283507998
Detection Prevalence,0.7380033094318809
Balanced Accuracy,0.8409379968203499
