metric,value
Sensitivity,0.9265762170790104
Specificity,0.7160714285714286
Pos Pred Value,0.8795454545454545
Neg Pred Value,0.8133874239350914
Precision,0.8795454545454545
Recall,0.9265762170790104
F1,0.9024485036921881
Prevalence,0.6911196911196911
Detection Rate,0.6403750689464975
Detection Prevalence,0.7280750137892995
Balanced Accuracy,0.8213238228252195
