label,recall,support
Botnet,0.9893657911595132,7805
Normal,0.6143790849673203,459
