label,recall,support
Botnet,0.9917822290703646,7788
Normal,0.43907563025210083,476
