metric,value
Sensitivity,0.9906181724714047
Specificity,0.5279503105590062
Pos Pred Value,0.9712701612903226
Neg Pred Value,0.7774390243902438
Precision,0.9712701612903226
Recall,0.9906181724714047
F1,0.9808487624864797
Prevalence,0.9415537270087125
Detection Rate,0.9327202323330106
Detection Prevalence,0.9603097773475314
Balanced Accuracy,0.7592842415152055
