metric,value
Sensitivity,0.9441786283891547
Specificity,0.8461538461538461
Pos Pred Value,0.9322834645669291
Neg Pred Value,0.871086556169429
Precision,0.9322834645669291
Recall,0.9441786283891547
F1,0.9381933438985736
Prevalence,0.6916712630998345
Detection Rate,0.6530612244897959
Detection Prevalence,0.7004964147821291
Balanced Accuracy,0.8951662372715004
