metric,value
Sensitivity,0.9369951534733441
Specificity,0.7130434782608696
Pos Pred Value,0.8754716981132076
Neg Pred Value,0.8401639344262293
Precision,0.8754716981132076
Recall,0.9369951534733441
F1,0.9051892313694888
Prevalence,0.68284611141754
Detection Rate,0.6398234969663541
Detection Prevalence,0.7308328736900166
Balanced Accuracy,0.8250193158671069
