metric,value
Sensitivity,0.9495665878644602
Specificity,0.6911764705882353
Pos Pred Value,0.8776402039329934
Neg Pred Value,0.8545454545454546
Precision,0.8776402039329935
Recall,0.9495665878644602
F1,0.9121877365632097
Prevalence,0.6999448428019857
Detection Rate,0.6646442360728075
Detection Prevalence,0.7573083287369001
Balanced Accuracy,0.8203715292263478
