metric,value
Sensitivity,0.9471608832807571
Specificity,0.8605504587155963
Pos Pred Value,0.9404855129209084
Neg Pred Value,0.875
Precision,0.9404855129209084
Recall,0.9471608832807571
F1,0.9438113948919451
Prevalence,0.6993932708218422
Detection Rate,0.6624379481522339
Detection Prevalence,0.704357418643133
Balanced Accuracy,0.9038556709981767
