metric,value
Sensitivity,0.9914915560139229
Specificity,0.45759368836291914
Pos Pred Value,0.9654782827014813
Neg Pred Value,0.7785234899328861
Precision,0.9654782827014813
Recall,0.9914915560139229
F1,0.9783120269668638
Prevalence,0.938649564375605
Detection Rate,0.9306631171345595
Detection Prevalence,0.9639399806389157
Balanced Accuracy,0.724542622188421
