metric,value
Sensitivity,0.9439935064935064
Specificity,0.8571428571428571
Pos Pred Value,0.9333868378812199
Neg Pred Value,0.8783068783068781
Precision,0.9333868378812199
Recall,0.9439935064935064
F1,0.9386602098466504
Prevalence,0.6795366795366795
Detection Rate,0.6414782129067843
Detection Prevalence,0.6872586872586872
Balanced Accuracy,0.9005681818181818
