metric,value
Sensitivity,0.9278183292781833
Specificity,0.7086206896551724
Pos Pred Value,0.8712871287128714
Neg Pred Value,0.8220000000000001
Precision,0.8712871287128713
Recall,0.9278183292781833
F1,0.8986645718774547
Prevalence,0.680088251516823
Detection Rate,0.6309983452840596
Detection Prevalence,0.7242140099282957
Balanced Accuracy,0.8182195094666779
