label,recall,support
Botnet,0.9912269384595536,7751
Normal,0.571150097465887,513
