metric,value
Sensitivity,0.9899948691636736
Specificity,0.5683760683760684
Pos Pred Value,0.9744949494949495
Neg Pred Value,0.7732558139534875
Precision,0.9744949494949495
Recall,0.9899948691636736
F1,0.9821837617714432
Prevalence,0.9433688286544046
Detection Rate,0.9339303000968054
Detection Prevalence,0.9583736689254598
Balanced Accuracy,0.7791854687698709
