label,recall,support
Botnet,0.9905030800821355,7792
Normal,0.5190677966101694,472
