metric,value
Sensitivity,0.9398699891657638
Specificity,0.9004576659038902
Pos Pred Value,0.9522502744237102
Neg Pred Value,0.876391982182628
Precision,0.9522502744237102
Recall,0.9398699891657638
F1,0.9460196292257361
Prevalence,0.6786764705882353
Detection Rate,0.6378676470588235
Detection Prevalence,0.6698529411764705
Balanced Accuracy,0.920163827534827
