metric,value
Sensitivity,0.9916538263995891
Specificity,0.43487394957983194
Pos Pred Value,0.9663413413413413
Neg Pred Value,0.7610294117647057
Precision,0.9663413413413413
Recall,0.9916538263995891
F1,0.9788339670468947
Prevalence,0.9424007744433688
Detection Rate,0.9345353339787028
Detection Prevalence,0.9670861568247822
Balanced Accuracy,0.7132638879897105
