metric,value
Sensitivity,0.9595238095238096
Specificity,0.9222423146473779
Pos Pred Value,0.9656549520766773
Neg Pred Value,0.9090909090909091
Precision,0.9656549520766773
Recall,0.9595238095238096
F1,0.9625796178343948
Prevalence,0.694980694980695
Detection Rate,0.6668505239933812
Detection Prevalence,0.6905681191395477
Balanced Accuracy,0.9408830620855937
