metric,value
Sensitivity,0.9921503024063827
Specificity,0.41379310344827586
Pos Pred Value,0.9638704838104764
Neg Pred Value,0.7698113207547167
Precision,0.9638704838104764
Recall,0.9921503024063827
F1,0.9778059606848447
Prevalence,0.9403436592449177
Detection Rate,0.9329622458857696
Detection Prevalence,0.9679332042594385
Balanced Accuracy,0.7029717029273292
