metric,value
Sensitivity,0.9907621247113164
Specificity,0.5404255319148936
Pos Pred Value,0.9727891156462585
Neg Pred Value,0.779141104294479
Precision,0.9727891156462585
Recall,0.9907621247113164
F1,0.9816933638443935
Prevalence,0.9431268151016456
Detection Rate,0.9344143272023233
Detection Prevalence,0.9605517909002904
Balanced Accuracy,0.765593828313105
