metric,value
Sensitivity,0.9892986075296545
Specificity,0.6043307086614174
Pos Pred Value,0.974472948945898
Neg Pred Value,0.7871794871794874
Precision,0.9744729489458979
Recall,0.9892986075296545
F1,0.981829814459373
Prevalence,0.9385285575992256
Detection Rate,0.9284849951597289
Detection Prevalence,0.9528073572120038
Balanced Accuracy,0.796814658095536
