metric,value
Sensitivity,0.9434114793856103
Specificity,0.8732638888888888
Pos Pred Value,0.9411290322580645
Neg Pred Value,0.8778359511343804
Precision,0.9411290322580645
Recall,0.9434114793856103
F1,0.9422688736374647
Prevalence,0.6822945394373966
Detection Rate,0.643684500827358
Detection Prevalence,0.6839492553778268
Balanced Accuracy,0.9083376841372496
