label,recall,support
Botnet,0.9892197125256673,7792
Normal,0.722457627118644,472
