metric,value
Sensitivity,0.993956538510994
Specificity,0.5728952772073922
Pos Pred Value,0.9737969261778786
Neg Pred Value,0.855828220858896
Precision,0.9737969261778786
Recall,0.993956538510994
F1,0.9837734648425072
Prevalence,0.9410696999031946
Detection Rate,0.9353823814133592
Detection Prevalence,0.9605517909002904
Balanced Accuracy,0.7834259078591931
