metric,value
Sensitivity,0.9085123309466985
Specificity,0.8579136690647482
Pos Pred Value,0.9352989352989354
Neg Pred Value,0.8057432432432432
Precision,0.9352989352989353
Recall,0.9085123309466985
F1,0.9217110573042777
Prevalence,0.6933259790402647
Detection Rate,0.6298952013237727
Detection Prevalence,0.673469387755102
Balanced Accuracy,0.8832130000057233
