metric,value
Sensitivity,0.9370967741935484
Specificity,0.8481675392670157
Pos Pred Value,0.9303442754203363
Neg Pred Value,0.8617021276595747
Precision,0.9303442754203363
Recall,0.9370967741935484
F1,0.9337083165930092
Prevalence,0.6839492553778268
Detection Rate,0.640926640926641
Detection Prevalence,0.6889134031991175
Balanced Accuracy,0.8926321567302821
