metric,value
Sensitivity,0.9184313725490196
Specificity,0.9033457249070632
Pos Pred Value,0.9574816026165167
Neg Pred Value,0.8237288135593221
Precision,0.9574816026165167
Recall,0.9184313725490196
F1,0.9375500400320256
Prevalence,0.7032542746828461
Detection Rate,0.6458907887479316
Detection Prevalence,0.6745725317153889
Balanced Accuracy,0.9108885487280414
