metric,value
Sensitivity,0.988567758509955
Specificity,0.5260960334029228
Pos Pred Value,0.9713492364003534
Neg Pred Value,0.7390029325513197
Precision,0.9713492364003534
Recall,0.988567758509955
F1,0.9798828622358033
Prevalence,0.9420377541142304
Detection Rate,0.9312681510164569
Detection Prevalence,0.9587366892545982
Balanced Accuracy,0.7573318959564389
