metric,value
Sensitivity,0.9898613963039015
Specificity,0.5296610169491526
Pos Pred Value,0.9720226843100189
Neg Pred Value,0.7598784194528879
Precision,0.9720226843100189
Recall,0.9898613963039015
F1,0.980860939785083
Prevalence,0.9428848015488868
Detection Rate,0.9333252662149081
Detection Prevalence,0.960188770571152
Balanced Accuracy,0.759761206626527
