metric,value
Sensitivity,0.9902338730403495
Specificity,0.6224066390041494
Pos Pred Value,0.9769269776876267
Neg Pred Value,0.7978723404255315
Precision,0.9769269776876268
Recall,0.9902338730403495
F1,0.9835354179961711
Prevalence,0.9416747337850919
Detection Rate,0.9324782187802517
Detection Prevalence,0.9545014520813165
Balanced Accuracy,0.8063202560222494
