metric,value
Sensitivity,0.9547697368421053
Specificity,0.8274706867671692
Pos Pred Value,0.918512658227848
Neg Pred Value,0.8998178506375228
Precision,0.9185126582278481
Recall,0.9547697368421053
F1,0.9362903225806453
Prevalence,0.670711527854385
Detection Rate,0.6403750689464975
Detection Prevalence,0.6971869829012686
Balanced Accuracy,0.8911202118046373
