metric,value
Sensitivity,0.991737671056029
Specificity,0.4517374517374517
Pos Pred Value,0.9643484810444388
Neg Pred Value,0.7852348993288597
Precision,0.9643484810444388
Recall,0.991737671056029
F1,0.9778513238289206
Prevalence,0.9373184898354308
Detection Rate,0.9295740561471443
Detection Prevalence,0.9639399806389157
Balanced Accuracy,0.7217375613967403
