metric,value
Sensitivity,0.917937927406628
Specificity,0.8803418803418803
Pos Pred Value,0.946825827455236
Neg Pred Value,0.82212086659065
Precision,0.946825827455236
Recall,0.917937927406628
F1,0.9321581196581196
Prevalence,0.6988970588235294
Detection Rate,0.6415441176470589
Detection Prevalence,0.6775735294117647
Balanced Accuracy,0.8991399038742542
