label,recall,support
Botnet,0.9914212548015365,7810
Normal,0.42070484581497797,454
