metric,value
Sensitivity,0.9524187153053132
Specificity,0.730072463768116
Pos Pred Value,0.8896296296296297
Neg Pred Value,0.8704103671706261
Precision,0.8896296296296297
Recall,0.9524187153053132
F1,0.9199540405974721
Prevalence,0.6955322669608384
Detection Rate,0.6624379481522339
Detection Prevalence,0.7446221731936018
Balanced Accuracy,0.8412455895367146
