metric,value
Sensitivity,0.9907347831681894
Specificity,0.7586206896551724
Pos Pred Value,0.9847787157840879
Neg Pred Value,0.8385650224215245
Precision,0.984778715784088
Recall,0.9907347831681894
F1,0.9877477708640707
Prevalence,0.9403436592449177
Detection Rate,0.9316311713455954
Detection Prevalence,0.9460309777347532
Balanced Accuracy,0.8746777364116809
