label,recall,support
Botnet,0.9902023978342143,7757
Normal,0.5069033530571992,507
