label,recall,support
Botnet,0.9883348288680939,7801
Normal,0.5658747300215983,463
