label,recall,support
Botnet,0.9900951890918446,7774
Normal,0.6020408163265306,490
