label,recall,support
Botnet,0.9891011668162585,7799
Normal,0.5827956989247312,465
