metric,value
Sensitivity,0.9916538263995891
Specificity,0.5567226890756303
Pos Pred Value,0.9734055961683892
Neg Pred Value,0.803030303030303
Precision,0.9734055961683892
Recall,0.9916538263995891
F1,0.9824449815545095
Prevalence,0.9424007744433688
Detection Rate,0.9345353339787028
Detection Prevalence,0.9600677637947725
Balanced Accuracy,0.7741882577376097
