label,recall,support
Botnet,0.990856406954282,7765
Normal,0.7635270541082164,499
