metric,value
Sensitivity,0.9889203813450141
Specificity,0.7709163346613546
Pos Pred Value,0.9852393787703762
Neg Pred Value,0.8181818181818177
Precision,0.985239378770376
Recall,0.9889203813450141
F1,0.9870764482736449
Prevalence,0.9392545982575025
Detection Rate,0.9288480154888674
Detection Prevalence,0.9427637947725073
Balanced Accuracy,0.8799183580031844
