metric,value
Sensitivity,0.935126582278481
Specificity,0.843351548269581
Pos Pred Value,0.9321766561514196
Neg Pred Value,0.8495412844036697
Precision,0.9321766561514195
Recall,0.935126582278481
F1,0.933649289099526
Prevalence,0.6971869829012686
Detection Rate,0.6519580805295091
Detection Prevalence,0.6993932708218422
Balanced Accuracy,0.889239065274031
