label,recall,support
Botnet,0.989573947741022,7769
Normal,0.5595959595959596,495
