metric,value
Sensitivity,0.8153846153846154
Specificity,0.803030303030303
Pos Pred Value,0.803030303030303
Neg Pred Value,0.8153846153846154
Precision,0.803030303030303
Recall,0.8153846153846154
F1,0.8091603053435115
Prevalence,0.4961832061068702
Detection Rate,0.40458015267175573
Detection Prevalence,0.5038167938931297
Balanced Accuracy,0.8092074592074592
