metric,value
Sensitivity,0.9871100799175045
Specificity,0.8122529644268774
Pos Pred Value,0.9877466787050173
Neg Pred Value,0.804305283757339
Precision,0.9877466787050174
Recall,0.9871100799175045
F1,0.9874282767068532
Prevalence,0.9387705711519845
Detection Rate,0.9266698935140368
Detection Prevalence,0.9381655372700871
Balanced Accuracy,0.899681522172191
