label,recall,support
Botnet,0.9911470361816782,7794
Normal,0.3872340425531915,470
