label,recall,support
Botnet,0.9899948691636736,7796
Normal,0.5683760683760684,468
