label,recall,support
Botnet,0.9877687652890433,7767
Normal,0.7847082494969819,497
