label,recall,support
Botnet,0.9953703703703703,7776
Normal,0.305327868852459,488
