metric,value
Sensitivity,0.9456434852118305
Specificity,0.8291814946619217
Pos Pred Value,0.924941360437842
Neg Pred Value,0.8726591760299625
Precision,0.924941360437842
Recall,0.9456434852118305
F1,0.9351778656126482
Prevalence,0.6900165471594043
Detection Rate,0.6525096525096525
Detection Prevalence,0.7054605626034197
Balanced Accuracy,0.887412489936876
