metric,value
Sensitivity,0.9903809157368219
Specificity,0.4411134903640257
Pos Pred Value,0.9673055242390078
Neg Pred Value,0.7330960854092526
Precision,0.9673055242390078
Recall,0.9903809157368219
F1,0.9787072243346007
Prevalence,0.9434898354307841
Detection Rate,0.9344143272023233
Detection Prevalence,0.9659970958373669
Balanced Accuracy,0.7157472030504237
