label,recall,support
Botnet,0.9894871794871795,7800
Normal,0.5668103448275862,464
