metric,value
Sensitivity,0.9441340782122905
Specificity,0.7089285714285715
Pos Pred Value,0.8789004457652303
Neg Pred Value,0.8501070663811562
Precision,0.8789004457652303
Recall,0.9441340782122905
F1,0.9103501346671796
Prevalence,0.6911196911196911
Detection Rate,0.6525096525096525
Detection Prevalence,0.7424158852730282
Balanced Accuracy,0.8265313248204309
