label,recall,support
Botnet,0.9844212694734131,7767
Normal,0.8410462776659959,497
