label,recall,support
Botnet,0.9918116683725691,7816
Normal,0.703125,448
