metric,value
Sensitivity,0.9196141479099679
Specificity,0.7205623901581723
Pos Pred Value,0.8779739063699156
Neg Pred Value,0.8039215686274511
Precision,0.8779739063699156
Recall,0.9196141479099679
F1,0.8983117393011385
Prevalence,0.6861555432984004
Detection Rate,0.6309983452840596
Detection Prevalence,0.7186982901268616
Balanced Accuracy,0.8200882690340701
