metric,value
Sensitivity,0.9553641346906813
Specificity,0.7201492537313433
Pos Pred Value,0.8905109489051096
Neg Pred Value,0.8713318284424378
Precision,0.8905109489051095
Recall,0.9553641346906813
F1,0.9217982621836042
Prevalence,0.704357418643133
Detection Rate,0.6729178157749587
Detection Prevalence,0.7556536127964699
Balanced Accuracy,0.8377566942110123
