label,recall,support
Botnet,0.9888160431932125,7779
Normal,0.5773195876288659,485
