label,recall,support
Botnet,0.990600051506567,7766
Normal,0.6726907630522089,498
