label,recall,support
Botnet,0.9886043533930858,7810
Normal,0.5925110132158591,454
