metric,value
Sensitivity,0.9426494345718901
Specificity,0.7252173913043478
Pos Pred Value,0.8807547169811322
Neg Pred Value,0.8545081967213114
Precision,0.8807547169811321
Recall,0.9426494345718901
F1,0.9106515801794771
Prevalence,0.68284611141754
Detection Rate,0.643684500827358
Detection Prevalence,0.7308328736900166
Balanced Accuracy,0.833933412938119
