label,recall,support
Botnet,0.989306879670188,7762
Normal,0.5597609561752988,502
