metric,value
Sensitivity,0.9473407056345445
Specificity,0.9135200974421437
Pos Pred Value,0.9620320855614973
Neg Pred Value,0.8823529411764707
Precision,0.9620320855614973
Recall,0.9473407056345445
F1,0.9546298752984878
Prevalence,0.6981617647058823
Detection Rate,0.6613970588235294
Detection Prevalence,0.6875
Balanced Accuracy,0.9304304015383441
