metric,value
Sensitivity,0.9892044724328493
Specificity,0.6169772256728778
Pos Pred Value,0.9765287997970058
Neg Pred Value,0.7801047120418848
Precision,0.9765287997970058
Recall,0.9892044724328493
F1,0.9828257677328737
Prevalence,0.9415537270087125
Detection Rate,0.9313891577928364
Detection Prevalence,0.9537754114230397
Balanced Accuracy,0.8030908490528635
