metric,value
Sensitivity,0.9902413970210581
Specificity,0.3634453781512605
Pos Pred Value,0.9621958827199002
Neg Pred Value,0.6947791164658643
Precision,0.9621958827199002
Recall,0.9902413970210581
F1,0.976017211921787
Prevalence,0.9424007744433688
Detection Rate,0.9332042594385286
Detection Prevalence,0.9698693126815101
Balanced Accuracy,0.6768433875861593
