metric,value
Sensitivity,0.9893780394164321
Specificity,0.6155555555555555
Pos Pred Value,0.9781123481781376
Neg Pred Value,0.7694444444444454
Precision,0.9781123481781376
Recall,0.9893780394164321
F1,0.9837129405776817
Prevalence,0.9455469506292352
Detection Rate,0.9355033881897387
Detection Prevalence,0.9564375605033882
Balanced Accuracy,0.8024667974859938
