label,recall,support
Botnet,0.9899588053553038,7768
Normal,0.7903225806451613,496
