metric,value
Sensitivity,0.9846708746618575
Specificity,0.7065868263473054
Pos Pred Value,0.9811320754716981
Neg Pred Value,0.7484143763213534
Precision,0.9811320754716981
Recall,0.9846708746618575
F1,0.9828982898289829
Prevalence,0.9393756050338818
Detection Rate,0.9249757986447241
Detection Prevalence,0.9427637947725073
Balanced Accuracy,0.8456288505045815
