metric,value
Sensitivity,0.990760939304504
Specificity,0.5626326963906582
Pos Pred Value,0.9740128674151635
Neg Pred Value,0.7863501483679524
Precision,0.9740128674151634
Recall,0.990760939304504
F1,0.9823155216284987
Prevalence,0.9430058083252663
Detection Rate,0.9342933204259438
Detection Prevalence,0.9592207163601162
Balanced Accuracy,0.776696817847581
