metric,value
Sensitivity,0.9542947202521671
Specificity,0.8952205882352942
Pos Pred Value,0.9550473186119874
Neg Pred Value,0.8935779816513761
Precision,0.9550473186119873
Recall,0.9542947202521671
F1,0.9546708711076074
Prevalence,0.6999448428019857
Detection Rate,0.667953667953668
Detection Prevalence,0.6993932708218422
Balanced Accuracy,0.9247576542437306
