metric,value
Sensitivity,0.9583660644147682
Specificity,0.8629629629629629
Pos Pred Value,0.9428129829984543
Neg Pred Value,0.8978805394990366
Precision,0.9428129829984544
Recall,0.9583660644147682
F1,0.950525905726529
Prevalence,0.7021511307225593
Detection Rate,0.6729178157749587
Detection Prevalence,0.7137341423055709
Balanced Accuracy,0.9106645136888656
