metric,value
Sensitivity,0.9883348288680939
Specificity,0.5658747300215983
Pos Pred Value,0.9745923397800531
Neg Pred Value,0.7422096317280461
Precision,0.9745923397800531
Recall,0.9883348288680939
F1,0.9814154786150713
Prevalence,0.943973862536302
Detection Rate,0.9329622458857696
Detection Prevalence,0.9572846079380445
Balanced Accuracy,0.777104779444846
