metric,value
Sensitivity,0.8952071486596264
Specificity,0.8556701030927835
Pos Pred Value,0.9291736930860034
Neg Pred Value,0.7942583732057417
Precision,0.9291736930860034
Recall,0.8952071486596264
F1,0.9118742242449317
Prevalence,0.6789851075565362
Detection Rate,0.6078323221180364
Detection Prevalence,0.6541643684500827
Balanced Accuracy,0.8754386258762049
