metric,value
Sensitivity,0.9442675159235668
Specificity,0.7109515260323159
Pos Pred Value,0.880475129918337
Neg Pred Value,0.8497854077253219
Precision,0.8804751299183371
Recall,0.9442675159235668
F1,0.9112562427967729
Prevalence,0.6927744070601214
Detection Rate,0.6541643684500827
Detection Prevalence,0.7429674572531716
Balanced Accuracy,0.8276095209779414
