metric,value
Sensitivity,0.9922958397534669
Specificity,0.6050420168067226
Pos Pred Value,0.9762506316321373
Neg Pred Value,0.8275862068965526
Precision,0.9762506316321374
Recall,0.9922958397534669
F1,0.9842078451349975
Prevalence,0.9424007744433688
Detection Rate,0.9351403678606002
Detection Prevalence,0.957889641819942
Balanced Accuracy,0.7986689282800947
