metric,value
Sensitivity,0.9402618657937807
Specificity,0.7241962774957699
Pos Pred Value,0.8757621951219512
Neg Pred Value,0.8542914171656686
Precision,0.8757621951219512
Recall,0.9402618657937807
F1,0.9068666140489344
Prevalence,0.6740209597352455
Detection Rate,0.6337562051847766
Detection Prevalence,0.7236624379481522
Balanced Accuracy,0.8322290716447753
