label,recall,support
Botnet,0.9899897330595483,7792
Normal,0.6207627118644068,472
