label,recall,support
Botnet,0.9917959235995385,7801
Normal,0.5485961123110151,463
