metric,value
Sensitivity,0.9229583975346687
Specificity,0.8776699029126214
Pos Pred Value,0.9500396510705789
Neg Pred Value,0.8188405797101449
Precision,0.9500396510705789
Recall,0.9229583975346687
F1,0.9363032434544745
Prevalence,0.7159404302261445
Detection Rate,0.6607832322118037
Detection Prevalence,0.6955322669608384
Balanced Accuracy,0.900314150223645
