metric,value
Sensitivity,0.9204368174726989
Specificity,0.8757062146892656
Pos Pred Value,0.9470304975922953
Neg Pred Value,0.8201058201058201
Precision,0.9470304975922953
Recall,0.9204368174726989
F1,0.9335443037974683
Prevalence,0.7071152785438499
Detection Rate,0.6508549365692223
Detection Prevalence,0.6872586872586872
Balanced Accuracy,0.8980715160809822
