metric,value
Sensitivity,0.9872619660319094
Specificity,0.6890243902439024
Pos Pred Value,0.9804497827753642
Neg Pred Value,0.7739726027397259
Precision,0.9804497827753642
Recall,0.9872619660319094
F1,0.9838440825746891
Prevalence,0.9404646660212972
Detection Rate,0.9284849951597289
Detection Prevalence,0.9469990319457889
Balanced Accuracy,0.8381431781379058
