metric,value
Sensitivity,0.9561688311688312
Specificity,0.7125645438898451
Pos Pred Value,0.8758364312267658
Neg Pred Value,0.8846153846153847
Precision,0.8758364312267658
Recall,0.9561688311688312
F1,0.9142413659293753
Prevalence,0.6795366795366795
Detection Rate,0.6497517926089355
Detection Prevalence,0.7418643132928847
Balanced Accuracy,0.8343666875293382
