metric,value
Sensitivity,0.9903846153846154
Specificity,0.5775862068965517
Pos Pred Value,0.9752556495391996
Neg Pred Value,0.781341107871721
Precision,0.9752556495391996
Recall,0.9903846153846154
F1,0.9827619108199225
Prevalence,0.9438528557599225
Detection Rate,0.9347773475314618
Detection Prevalence,0.9584946757018393
Balanced Accuracy,0.7839854111405835
