metric,value
Sensitivity,0.9893439465913467
Specificity,0.56
Pos Pred Value,0.9735944409349336
Neg Pred Value,0.7621776504297987
Precision,0.9735944409349336
Recall,0.9893439465913467
F1,0.9814060112073357
Prevalence,0.9425217812197483
Detection Rate,0.9324782187802517
Detection Prevalence,0.9577686350435625
Balanced Accuracy,0.7746719732956734
