metric,value
Sensitivity,0.9428801287208367
Specificity,0.9140350877192982
Pos Pred Value,0.9598689598689598
Neg Pred Value,0.8800675675675675
Precision,0.9598689598689598
Recall,0.9428801287208367
F1,0.9512987012987014
Prevalence,0.685603971318257
Detection Rate,0.646442360728075
Detection Prevalence,0.673469387755102
Balanced Accuracy,0.9284576082200675
