metric,value
Sensitivity,0.9441384736428009
Specificity,0.8634686346863468
Pos Pred Value,0.9419152276295133
Neg Pred Value,0.8682745825602968
Precision,0.9419152276295133
Recall,0.9441384736428009
F1,0.943025540275049
Prevalence,0.7010479867622724
Detection Rate,0.6618863761720905
Detection Prevalence,0.7027027027027027
Balanced Accuracy,0.9038035541645739
