metric,value
Sensitivity,0.9899626817655386
Specificity,0.3772819472616633
Pos Pred Value,0.9616250000000001
Neg Pred Value,0.7045454545454557
Precision,0.961625
Recall,0.9899626817655386
F1,0.9755881047492232
Prevalence,0.9403436592449177
Detection Rate,0.9309051306873185
Detection Prevalence,0.968054211035818
Balanced Accuracy,0.6836223145136009
