label,recall,support
Botnet,0.9900926402470407,7772
Normal,0.40447154471544716,492
