metric,value
Sensitivity,0.9897606553180597
Specificity,0.5565410199556541
Pos Pred Value,0.9747888566746501
Neg Pred Value,0.7583081570996987
Precision,0.9747888566746502
Recall,0.9897606553180597
F1,0.9822177060840849
Prevalence,0.9454259438528557
Detection Rate,0.9357454017424975
Detection Prevalence,0.959946757018393
Balanced Accuracy,0.7731508376368569
