metric,value
Sensitivity,0.9498407643312102
Specificity,0.8904847396768402
Pos Pred Value,0.9513556618819777
Neg Pred Value,0.8872987477638641
Precision,0.9513556618819776
Recall,0.9498407643312102
F1,0.950597609561753
Prevalence,0.6927744070601214
Detection Rate,0.6580253723110866
Detection Prevalence,0.6916712630998345
Balanced Accuracy,0.9201627520040252
