metric,value
Sensitivity,0.946159936658749
Specificity,0.7709090909090909
Pos Pred Value,0.9046177138531416
Neg Pred Value,0.8617886178861789
Precision,0.9046177138531416
Recall,0.946159936658749
F1,0.9249226006191951
Prevalence,0.6966354109211252
Detection Rate,0.6591285162713734
Detection Prevalence,0.728626585769443
Balanced Accuracy,0.85853451378392
