label,recall,support
Botnet,0.9918971061093248,7775
Normal,0.46830265848670755,489
