label,recall,support
Botnet,0.9919189327860441,7796
Normal,0.5662393162393162,468
