label,recall,support
Botnet,0.9877970456005138,7785
Normal,0.5490605427974948,479
