label,recall,support
Botnet,0.9920369894682763,7786
Normal,0.36401673640167365,478
