metric,value
Sensitivity,0.9169960474308301
Specificity,0.8394160583941606
Pos Pred Value,0.9294871794871794
Neg Pred Value,0.8141592920353983
Precision,0.9294871794871795
Recall,0.9169960474308301
F1,0.9231993633107839
Prevalence,0.697738554881412
Detection Rate,0.6398234969663541
Detection Prevalence,0.6883618312189741
Balanced Accuracy,0.8782060529124953
