metric,value
Sensitivity,0.951048951048951
Specificity,0.8859315589353612
Pos Pred Value,0.9532710280373833
Neg Pred Value,0.8809073724007562
Precision,0.9532710280373832
Recall,0.951048951048951
F1,0.9521586931155192
Prevalence,0.709873138444567
Detection Rate,0.6751241036955322
Detection Prevalence,0.7082184225041368
Balanced Accuracy,0.9184902549921561
