metric,value
Sensitivity,0.9440894568690096
Specificity,0.8484848484848485
Pos Pred Value,0.9329123914759274
Neg Pred Value,0.8717948717948718
Precision,0.9329123914759274
Recall,0.9440894568690096
F1,0.9384676458912268
Prevalence,0.6905681191395477
Detection Rate,0.6519580805295091
Detection Prevalence,0.6988416988416989
Balanced Accuracy,0.896287152676929
