label,recall,support
Botnet,0.988567758509955,7785
Normal,0.5260960334029228,479
