metric,value
Sensitivity,0.990856406954282
Specificity,0.7635270541082164
Pos Pred Value,0.98489503328213
Neg Pred Value,0.8429203539823005
Precision,0.98489503328213
Recall,0.990856406954282
F1,0.9878667265840663
Prevalence,0.9396176185866408
Detection Rate,0.931026137463698
Detection Prevalence,0.9453049370764763
Balanced Accuracy,0.8771917305312492
