label,recall,support
Botnet,0.9896233666410453,7806
Normal,0.4912663755458515,458
