label,recall,support
Botnet,0.9897645854657113,7816
Normal,0.5669642857142857,448
