metric,value
Sensitivity,0.9895967120472643
Specificity,0.5836820083682008
Pos Pred Value,0.9748228744939271
Neg Pred Value,0.7749999999999995
Precision,0.9748228744939271
Recall,0.9895967120472643
F1,0.9821542383683874
Prevalence,0.9421587608906099
Detection Rate,0.9323572120038722
Detection Prevalence,0.9564375605033882
Balanced Accuracy,0.7866393602077326
