label,recall,support
Botnet,0.9909021014864172,7804
Normal,0.5369565217391304,460
