metric,value
Sensitivity,0.9156816390858944
Specificity,0.8713235294117647
Pos Pred Value,0.9431818181818181
Neg Pred Value,0.8158347676419966
Precision,0.9431818181818182
Recall,0.9156816390858944
F1,0.9292283086765294
Prevalence,0.6999448428019857
Detection Rate,0.640926640926641
Detection Prevalence,0.6795366795366795
Balanced Accuracy,0.8935025842488296
