label,recall,support
Botnet,0.9903809157368219,7797
Normal,0.4411134903640257,467
