metric,value
Sensitivity,0.9500805152979066
Specificity,0.7197898423817863
Pos Pred Value,0.8805970149253731
Neg Pred Value,0.86892177589852
Precision,0.8805970149253731
Recall,0.9500805152979066
F1,0.9140201394268009
Prevalence,0.6850523993381136
Detection Rate,0.6508549365692223
Detection Prevalence,0.7391064533921676
Balanced Accuracy,0.8349351788398465
