metric,value
Sensitivity,0.9247572815533981
Specificity,0.8613518197573656
Pos Pred Value,0.9345870809484873
Neg Pred Value,0.8423728813559324
Precision,0.9345870809484873
Recall,0.9247572815533981
F1,0.9296461976413176
Prevalence,0.6817429674572532
Detection Rate,0.6304467733039162
Detection Prevalence,0.6745725317153889
Balanced Accuracy,0.8930545506553819
