metric,value
Sensitivity,0.9880139193194999
Specificity,0.5702970297029702
Pos Pred Value,0.9724724089813522
Neg Pred Value,0.755905511811023
Precision,0.9724724089813522
Recall,0.9880139193194999
F1,0.9801815624600434
Prevalence,0.938891577928364
Detection Rate,0.9276379477250726
Detection Prevalence,0.9538964181994192
Balanced Accuracy,0.779155474511235
