label,recall,support
Botnet,0.9880139193194999,7759
Normal,0.5702970297029702,505
