metric,value
Sensitivity,0.9852223078900025
Specificity,0.8340248962655602
Pos Pred Value,0.9896734219697948
Neg Pred Value,0.7775628626692455
Precision,0.9896734219697948
Recall,0.9852223078900025
F1,0.9874428488634168
Prevalence,0.9416747337850919
Detection Rate,0.9277589545014521
Detection Prevalence,0.9374394966118103
Balanced Accuracy,0.9096236020777814
