label,recall,support
Botnet,0.9860184710107748,7796
Normal,0.7905982905982906,468
