metric,value
Sensitivity,0.9463141025641025
Specificity,0.8619469026548673
Pos Pred Value,0.9380460683081812
Neg Pred Value,0.8790613718411552
Precision,0.938046068308181
Recall,0.9463141025641025
F1,0.9421619465496609
Prevalence,0.6883618312189741
Detection Rate,0.6514065085493657
Detection Prevalence,0.6944291230005516
Balanced Accuracy,0.9041305026094849
