label,recall,support
Botnet,0.989729105148286,7789
Normal,0.7663157894736842,475
