metric,value
Sensitivity,0.9897724367169521
Specificity,0.5542986425339367
Pos Pred Value,0.9751857916614183
Neg Pred Value,0.75384615384615306
Precision,0.9751857916614183
Recall,0.9897724367169521
F1,0.9824249730347059
Prevalence,0.9465150048402711
Detection Rate,0.9368344627299129
Detection Prevalence,0.9606727976766699
Balanced Accuracy,0.7720355396254444
