metric,value
Sensitivity,0.9463850528025995
Specificity,0.7405498281786942
Pos Pred Value,0.885258358662614
Neg Pred Value,0.8672032193158954
Precision,0.8852583586626139
Recall,0.9463850528025995
F1,0.9148017275225756
Prevalence,0.6789851075565362
Detection Rate,0.6425813568670712
Detection Prevalence,0.7258687258687259
Balanced Accuracy,0.8434674404906468
