metric,value
Sensitivity,0.9230769230769231
Specificity,0.8513274336283185
Pos Pred Value,0.9320388349514563
Neg Pred Value,0.833622183708839
Precision,0.9320388349514563
Recall,0.9230769230769231
F1,0.927536231884058
Prevalence,0.6883618312189741
Detection Rate,0.6354109211252068
Detection Prevalence,0.6817429674572532
Balanced Accuracy,0.8872021783526208
