metric,value
Sensitivity,0.988064681724846
Specificity,0.5889830508474576
Pos Pred Value,0.9754212593437224
Neg Pred Value,0.7493261455525599
Precision,0.9754212593437223
Recall,0.988064681724846
F1,0.9817022633088938
Prevalence,0.9428848015488868
Detection Rate,0.9316311713455954
Detection Prevalence,0.9551064859632139
Balanced Accuracy,0.7885238662861518
