metric,value
Sensitivity,0.9541213063763608
Specificity,0.8368121442125237
Pos Pred Value,0.9345011424219345
Neg Pred Value,0.8820000000000001
Precision,0.9345011424219345
Recall,0.9541213063763608
F1,0.9442093112735669
Prevalence,0.7093215664644236
Detection Rate,0.6767788196359625
Detection Prevalence,0.7242140099282957
Balanced Accuracy,0.8954667252944423
