label,recall,support
Botnet,0.9885442141845797,7769
Normal,0.7575757575757576,495
