metric,value
Sensitivity,0.9912731006160165
Specificity,0.4936440677966102
Pos Pred Value,0.9699861861107623
Neg Pred Value,0.7740863787375425
Precision,0.9699861861107623
Recall,0.9912731006160165
F1,0.9805141225007933
Prevalence,0.9428848015488868
Detection Rate,0.9346563407550823
Detection Prevalence,0.9635769603097774
Balanced Accuracy,0.7424585842063134
