metric,value
Sensitivity,0.9367588932806324
Specificity,0.7627737226277372
Pos Pred Value,0.9011406844106464
Neg Pred Value,0.8393574297188756
Precision,0.9011406844106464
Recall,0.9367588932806324
F1,0.9186046511627907
Prevalence,0.697738554881412
Detection Rate,0.6536127964699393
Detection Prevalence,0.7253171538885824
Balanced Accuracy,0.8497663079541848
