label,recall,support
Botnet,0.989849672362842,7783
Normal,0.5467775467775468,481
