label,recall,support
Botnet,0.9916516825070639,7786
Normal,0.5125523012552301,478
