metric,value
Sensitivity,0.9917990773962071
Specificity,0.5695652173913044
Pos Pred Value,0.9750566893424036
Neg Pred Value,0.8036809815950925
Precision,0.9750566893424036
Recall,0.9917990773962071
F1,0.9833566255876001
Prevalence,0.9443368828654405
Detection Rate,0.9365924491771539
Detection Prevalence,0.9605517909002904
Balanced Accuracy,0.7806821473937557
