metric,value
Sensitivity,0.9908787255909558
Specificity,0.5166666666666667
Pos Pred Value,0.9707992448080555
Neg Pred Value,0.7774294670846393
Precision,0.9707992448080554
Recall,0.9908787255909558
F1,0.9807362197215335
Prevalence,0.9419167473378509
Detection Rate,0.9333252662149081
Detection Prevalence,0.9613988383349468
Balanced Accuracy,0.7537726961288113
