metric,value
Sensitivity,0.9570647931303669
Specificity,0.9116541353383458
Pos Pred Value,0.9630793401413983
Neg Pred Value,0.898148148148148
Precision,0.9630793401413983
Recall,0.9570647931303669
F1,0.9600626468285042
Prevalence,0.7065637065637066
Detection Rate,0.6762272476558191
Detection Prevalence,0.7021511307225593
Balanced Accuracy,0.9343594642343563
