label,recall,support
Botnet,0.9911606456571868,7806
Normal,0.5611353711790393,458
