metric,value
Sensitivity,0.9887338368966841
Specificity,0.5717439293598234
Pos Pred Value,0.9754957685992169
Neg Pred Value,0.7463976945244953
Precision,0.9754957685992168
Recall,0.9887338368966841
F1,0.9820701932858595
Prevalence,0.9451839303000968
Detection Rate,0.9345353339787028
Detection Prevalence,0.9580106485963213
Balanced Accuracy,0.7802388831282538
