label,recall,support
Botnet,0.9889203813450141,7762
Normal,0.7709163346613546,502
