metric,value
Sensitivity,0.9386942675159236
Specificity,0.9084380610412927
Pos Pred Value,0.9585365853658536
Neg Pred Value,0.8679245283018867
Precision,0.9585365853658536
Recall,0.9386942675159236
F1,0.9485116653258246
Prevalence,0.6927744070601214
Detection Rate,0.6503033645890789
Detection Prevalence,0.6784335355763927
Balanced Accuracy,0.9235661642786082
