label,recall,support
Botnet,0.9876844130853111,7795
Normal,0.7761194029850746,469
