label,recall,support
Botnet,0.9891989198919892,7777
Normal,0.5441478439425051,487
