metric,value
Sensitivity,0.9892197125256673
Specificity,0.722457627118644
Pos Pred Value,0.9832886847812221
Neg Pred Value,0.80235294117647
Precision,0.9832886847812221
Recall,0.9892197125256673
F1,0.9862452818117842
Prevalence,0.9428848015488868
Detection Rate,0.9327202323330106
Detection Prevalence,0.9485721200387222
Balanced Accuracy,0.8558386698221556
