metric,value
Sensitivity,0.9492063492063492
Specificity,0.8318264014466547
Pos Pred Value,0.9278510473235067
Neg Pred Value,0.8778625954198472
Precision,0.9278510473235065
Recall,0.9492063492063492
F1,0.9384072185170654
Prevalence,0.694980694980695
Detection Rate,0.6596800882515168
Detection Prevalence,0.7109762824048539
Balanced Accuracy,0.890516375326502
