metric,value
Sensitivity,0.9905152524993591
Specificity,0.7510822510822511
Pos Pred Value,0.9853372434017595
Neg Pred Value,0.8242280285035627
Precision,0.9853372434017595
Recall,0.9905152524993591
F1,0.9879194630872484
Prevalence,0.9440948693126815
Detection Rate,0.9351403678606002
Detection Prevalence,0.94905614714424
Balanced Accuracy,0.8707987517908051
