metric,value
Sensitivity,0.920571882446386
Specificity,0.8628158844765343
Pos Pred Value,0.9384615384615385
Neg Pred Value,0.8269896193771626
Precision,0.9384615384615385
Recall,0.920571882446386
F1,0.9294306335204491
Prevalence,0.6944291230005516
Detection Rate,0.6392719249862107
Detection Prevalence,0.6811913954771097
Balanced Accuracy,0.8916938834614602
