metric,value
Sensitivity,0.9209823812066203
Specificity,0.859504132231405
Pos Pred Value,0.9354663774403471
Neg Pred Value,0.8310502283105022
Precision,0.9354663774403471
Recall,0.9209823812066203
F1,0.9281678773204197
Prevalence,0.6886029411764706
Detection Rate,0.6341911764705882
Detection Prevalence,0.6779411764705883
Balanced Accuracy,0.8902432567190126
