metric,value
Sensitivity,0.9505187549880287
Specificity,0.7196428571428571
Pos Pred Value,0.8835311572700296
Neg Pred Value,0.8666666666666667
Precision,0.8835311572700296
Recall,0.9505187549880287
F1,0.9158016147635525
Prevalence,0.6911196911196911
Detection Rate,0.6569222283507998
Detection Prevalence,0.7435190292333149
Balanced Accuracy,0.8350808060654429
