metric,value
Sensitivity,0.9894723327769932
Specificity,0.5957894736842105
Pos Pred Value,0.9756931257121154
Neg Pred Value,0.7753424657534248
Precision,0.9756931257121154
Recall,0.9894723327769932
F1,0.9825344212136664
Prevalence,0.9425217812197483
Detection Rate,0.9325992255566312
Detection Prevalence,0.9558325266214908
Balanced Accuracy,0.7926309032306018
