label,recall,support
Botnet,0.9832008207232624,7798
Normal,0.7489270386266095,466
