metric,value
Sensitivity,0.9915384615384616
Specificity,0.48060344827586204
Pos Pred Value,0.9697805642633228
Neg Pred Value,0.771626297577856
Precision,0.9697805642633229
Recall,0.9915384615384616
F1,0.9805388272583202
Prevalence,0.9438528557599225
Detection Rate,0.935866408518877
Detection Prevalence,0.9650290416263311
Balanced Accuracy,0.7360709549071618
