metric,value
Sensitivity,0.9844212694734131
Specificity,0.8410462776659959
Pos Pred Value,0.9897734627831716
Neg Pred Value,0.7755102040816322
Precision,0.9897734627831716
Recall,0.9844212694734131
F1,0.9870901110250452
Prevalence,0.9398596321393998
Detection Rate,0.9252178121974831
Detection Prevalence,0.9347773475314618
Balanced Accuracy,0.9127337735697045
