metric,value
Sensitivity,0.9921563584929921
Specificity,0.5708418891170431
Pos Pred Value,0.973627760252366
Neg Pred Value,0.8200589970501466
Precision,0.973627760252366
Recall,0.9921563584929921
F1,0.9828047382499044
Prevalence,0.9410696999031946
Detection Rate,0.9336882865440465
Detection Prevalence,0.9589787028073572
Balanced Accuracy,0.7814991238050176
