metric,value
Sensitivity,0.8831168831168831
Specificity,0.8518518518518519
Pos Pred Value,0.8947368421052632
Neg Pred Value,0.8363636363636364
Precision,0.8947368421052632
Recall,0.8831168831168831
F1,0.8888888888888888
Prevalence,0.5877862595419847
Detection Rate,0.5190839694656488
Detection Prevalence,0.5801526717557252
Balanced Accuracy,0.8674843674843675
