metric,value
Sensitivity,0.9540140296180826
Specificity,0.8886792452830189
Pos Pred Value,0.9540140296180826
Neg Pred Value,0.8886792452830188
Precision,0.9540140296180826
Recall,0.9540140296180826
F1,0.9540140296180826
Prevalence,0.7076668505239934
Detection Rate,0.6751241036955322
Detection Prevalence,0.7076668505239934
Balanced Accuracy,0.9213466374505508
