metric,value
Sensitivity,0.944794952681388
Specificity,0.8660550458715597
Pos Pred Value,0.9425649095200629
Neg Pred Value,0.870848708487085
Precision,0.9425649095200629
Recall,0.944794952681388
F1,0.9436786136274123
Prevalence,0.6993932708218422
Detection Rate,0.6607832322118037
Detection Prevalence,0.7010479867622724
Balanced Accuracy,0.9054249992764738
