label,recall,support
Botnet,0.9884526558891455,7794
Normal,0.7872340425531915,470
