metric,value
Sensitivity,0.9534700315457413
Specificity,0.8275229357798165
Pos Pred Value,0.9278587874136608
Neg Pred Value,0.8843137254901959
Precision,0.9278587874136608
Recall,0.9534700315457413
F1,0.94049008168028
Prevalence,0.6993932708218422
Detection Rate,0.6668505239933812
Detection Prevalence,0.7186982901268616
Balanced Accuracy,0.8904964836627789
