label,recall,support
Botnet,0.9907573812580232,7790
Normal,0.5907172995780591,474
