metric,value
Sensitivity,0.9918116683725691
Specificity,0.703125
Pos Pred Value,0.983132530120482
Neg Pred Value,0.831134564643799
Precision,0.983132530120482
Recall,0.9918116683725691
F1,0.9874530284695242
Prevalence,0.9457889641819942
Detection Rate,0.9380445304937076
Detection Prevalence,0.9541384317521782
Balanced Accuracy,0.8474683341862845
