metric,value
Sensitivity,0.9904945407835581
Specificity,0.5448851774530271
Pos Pred Value,0.9725059906671712
Neg Pred Value,0.7791044776119406
Precision,0.9725059906671711
Recall,0.9904945407835581
F1,0.9814178439607992
Prevalence,0.9420377541142304
Detection Rate,0.9330832526621491
Detection Prevalence,0.9594627299128751
Balanced Accuracy,0.7676898591182926
