metric,value
Sensitivity,0.9892058596761758
Specificity,0.5373443983402489
Pos Pred Value,0.9718469890165383
Neg Pred Value,0.7551020408163268
Precision,0.9718469890165383
Recall,0.9892058596761758
F1,0.9804495956186716
Prevalence,0.9416747337850919
Detection Rate,0.9315101645692159
Detection Prevalence,0.9584946757018393
Balanced Accuracy,0.7632751290082124
