metric,value
Sensitivity,0.9886802161049653
Specificity,0.7428571428571429
Pos Pred Value,0.9838709677419355
Neg Pred Value,0.8053097345132741
Precision,0.9838709677419355
Recall,0.9886802161049653
F1,0.9862697292441935
Prevalence,0.9407066795740562
Detection Rate,0.9300580832526621
Detection Prevalence,0.9453049370764763
Balanced Accuracy,0.8657686794810541
