metric,value
Sensitivity,0.9955030194012592
Specificity,0.28482328482328484
Pos Pred Value,0.9574888779041029
Neg Pred Value,0.7965116279069777
Precision,0.9574888779041029
Recall,0.9955030194012592
F1,0.9761259842519685
Prevalence,0.9417957405614714
Detection Rate,0.9375605033881897
Detection Prevalence,0.9791868344627299
Balanced Accuracy,0.640163152112272
