label,recall,support
Botnet,0.9890308426893792,7749
Normal,0.6116504854368932,515
