metric,value
Sensitivity,0.9873906330416881
Specificity,0.7804878048780488
Pos Pred Value,0.9861218195836546
Neg Pred Value,0.7966804979253106
Precision,0.9861218195836546
Recall,0.9873906330416881
F1,0.9867558184389869
Prevalence,0.9404646660212972
Detection Rate,0.9286060019361084
Detection Prevalence,0.9416747337850919
Balanced Accuracy,0.8839392189598685
