metric,value
Sensitivity,0.9485530546623794
Specificity,0.892271662763466
Pos Pred Value,0.9505907626208379
Neg Pred Value,0.888111888111888
Precision,0.9505907626208379
Recall,0.9485530546623794
F1,0.9495708154506438
Prevalence,0.6860294117647059
Detection Rate,0.6507352941176471
Detection Prevalence,0.6845588235294118
Balanced Accuracy,0.9204123587129227
