label,recall,support
Botnet,0.9920431211498973,7792
Normal,0.4851694915254237,472
