metric,value
Sensitivity,0.9560975609756097
Specificity,0.8747855917667239
Pos Pred Value,0.9415532425940752
Neg Pred Value,0.9042553191489361
Precision,0.9415532425940752
Recall,0.9560975609756097
F1,0.9487696651875756
Prevalence,0.6784335355763927
Detection Rate,0.6486486486486487
Detection Prevalence,0.6889134031991175
Balanced Accuracy,0.9154415763711667
