label,recall,support
Botnet,0.993956538510994,7777
Normal,0.5728952772073922,487
