label,recall,support
Botnet,0.9894682763935269,7786
Normal,0.7740585774058577,478
