metric,value
Sensitivity,0.9909967845659164
Specificity,0.5705521472392638
Pos Pred Value,0.9734680985470625
Neg Pred Value,0.7994269340974218
Precision,0.9734680985470625
Recall,0.9909967845659164
F1,0.9821542383683876
Prevalence,0.9408276863504357
Detection Rate,0.9323572120038722
Detection Prevalence,0.9577686350435625
Balanced Accuracy,0.7807744659025901
