metric,value
Sensitivity,0.9885897435897436
Specificity,0.6767241379310345
Pos Pred Value,0.9809184582114234
Neg Pred Value,0.7791563275434248
Precision,0.9809184582114235
Recall,0.9885897435897436
F1,0.984739160973118
Prevalence,0.9438528557599225
Detection Rate,0.9330832526621491
Detection Prevalence,0.9512342691190707
Balanced Accuracy,0.832656940760389
