label,recall,support
Botnet,0.9909863507597219,7766
Normal,0.5863453815261044,498
