metric,value
Sensitivity,0.9480830670926518
Specificity,0.7450980392156863
Pos Pred Value,0.8924812030075188
Neg Pred Value,0.865424430641822
Precision,0.8924812030075188
Recall,0.9480830670926518
F1,0.919442292796282
Prevalence,0.6905681191395477
Detection Rate,0.6547159404302262
Detection Prevalence,0.7335907335907336
Balanced Accuracy,0.8465905531541691
