label,recall,support
Botnet,0.9903574183594754,7778
Normal,0.602880658436214,486
