metric,value
Sensitivity,0.9902023978342143
Specificity,0.5641025641025641
Pos Pred Value,0.9720323968615541
Neg Pred Value,0.7900552486187848
Precision,0.9720323968615541
Recall,0.9902023978342143
F1,0.9810332716009963
Prevalence,0.938649564375605
Detection Rate,0.9294530493707648
Detection Prevalence,0.9561955469506292
Balanced Accuracy,0.7771524809683892
