metric,value
Sensitivity,0.9889602053915276
Specificity,0.820675105485232
Pos Pred Value,0.989087174220054
Neg Pred Value,0.818947368421053
Precision,0.9890871742200539
Recall,0.9889602053915276
F1,0.9890236857307915
Prevalence,0.9426427879961278
Detection Rate,0.9322362052274927
Detection Prevalence,0.9425217812197483
Balanced Accuracy,0.9048176554383798
