metric,value
Sensitivity,0.9452127659574469
Specificity,0.8738095238095238
Pos Pred Value,0.9437068507700478
Neg Pred Value,0.8769414575866189
Precision,0.9437068507700478
Recall,0.9452127659574469
F1,0.9444592080786607
Prevalence,0.6911764705882353
Detection Rate,0.6533088235294118
Detection Prevalence,0.6922794117647059
Balanced Accuracy,0.9095111448834854
