metric,value
Sensitivity,0.9897159017868621
Specificity,0.6103092783505155
Pos Pred Value,0.9760395537525355
Neg Pred Value,0.7872340425531918
Precision,0.9760395537525355
Recall,0.9897159017868621
F1,0.9828301525499458
Prevalence,0.9413117134559535
Detection Rate,0.9316311713455954
Detection Prevalence,0.9545014520813165
Balanced Accuracy,0.8000125900686887
