label,recall,support
Botnet,0.9905407132813498,7823
Normal,0.5668934240362812,441
