label,recall,support
Botnet,0.988064681724846,7792
Normal,0.5889830508474576,472
