label,recall,support
Botnet,0.9888246628131021,7785
Normal,0.5949895615866388,479
