metric,value
Sensitivity,0.9590361445783132
Specificity,0.7112676056338029
Pos Pred Value,0.8792341678939617
Neg Pred Value,0.8879120879120879
Precision,0.8792341678939617
Recall,0.9590361445783132
F1,0.917402996542451
Prevalence,0.6867071152785439
Detection Rate,0.65857694429123
Detection Prevalence,0.749034749034749
Balanced Accuracy,0.835151875106058
