label,recall,support
Botnet,0.9906241972771641,7786
Normal,0.7426778242677824,478
