metric,value
Sensitivity,0.9508856682769726
Specificity,0.8704028021015762
Pos Pred Value,0.9410358565737051
Neg Pred Value,0.8906810035842295
Precision,0.9410358565737051
Recall,0.9508856682769726
F1,0.9459351221465758
Prevalence,0.6850523993381136
Detection Rate,0.6514065085493657
Detection Prevalence,0.692222835079978
Balanced Accuracy,0.9106442351892744
