metric,value
Sensitivity,0.9375500400320256
Specificity,0.8351063829787234
Pos Pred Value,0.9264240506329114
Neg Pred Value,0.8579234972677594
Precision,0.9264240506329114
Recall,0.9375500400320256
F1,0.9319538400318345
Prevalence,0.6889134031991175
Detection Rate,0.6458907887479316
Detection Prevalence,0.6971869829012686
Balanced Accuracy,0.8863282115053746
