metric,value
Sensitivity,0.9909863507597219
Specificity,0.5863453815261044
Pos Pred Value,0.9739306504682359
Neg Pred Value,0.8066298342541435
Precision,0.9739306504682359
Recall,0.9909863507597219
F1,0.9823844779167731
Prevalence,0.9397386253630203
Detection Rate,0.9312681510164569
Detection Prevalence,0.9561955469506292
Balanced Accuracy,0.7886658661429131
