metric,value
Sensitivity,0.9925660087157139
Specificity,0.487012987012987
Pos Pred Value,0.9703044731236686
Neg Pred Value,0.7950530035335681
Precision,0.9703044731236687
Recall,0.9925660087157139
F1,0.9813090033580434
Prevalence,0.9440948693126815
Detection Rate,0.9370764762826719
Detection Prevalence,0.9657550822846079
Balanced Accuracy,0.7397894978643504
