label,recall,support
Botnet,0.9884541372674791,7795
Normal,0.5863539445628998,469
