metric,value
Sensitivity,0.945324881141046
Specificity,0.7041742286751361
Pos Pred Value,0.8797935103244838
Neg Pred Value,0.849015317286652
Precision,0.8797935103244838
Recall,0.945324881141046
F1,0.9113827349121467
Prevalence,0.6960838389409818
Detection Rate,0.6580253723110866
Detection Prevalence,0.7479316050744622
Balanced Accuracy,0.824749554908091
