metric,value
Sensitivity,0.9424460431654677
Specificity,0.8380782918149466
Pos Pred Value,0.9283464566929134
Neg Pred Value,0.8674033149171271
Precision,0.9283464566929134
Recall,0.9424460431654677
F1,0.9353431178103927
Prevalence,0.6900165471594043
Detection Rate,0.6503033645890789
Detection Prevalence,0.7004964147821291
Balanced Accuracy,0.8902621674902071
