label,recall,support
Botnet,0.9883542359866906,7814
Normal,0.5777777777777777,450
