metric,value
Sensitivity,0.9399684044233807
Specificity,0.7239488117001828
Pos Pred Value,0.8873974645786726
Neg Pred Value,0.8389830508474574
Precision,0.8873974645786726
Recall,0.9399684044233807
F1,0.9129267357115458
Prevalence,0.6982901268615554
Detection Rate,0.6563706563706564
Detection Prevalence,0.7396580253723111
Balanced Accuracy,0.8319586080617818
