metric,value
Sensitivity,0.9904896542860815
Specificity,0.577639751552795
Pos Pred Value,0.9742131209708002
Neg Pred Value,0.7903682719546743
Precision,0.9742131209708002
Recall,0.9904896542860815
F1,0.9822839663522813
Prevalence,0.9415537270087125
Detection Rate,0.9325992255566312
Detection Prevalence,0.9572846079380445
Balanced Accuracy,0.7840647029194383
