metric,value
Sensitivity,0.9908669925392334
Specificity,0.5612244897959183
Pos Pred Value,0.9728466784541551
Neg Pred Value,0.7947976878612723
Precision,0.9728466784541551
Recall,0.9908669925392334
F1,0.9817741524343615
Prevalence,0.9407066795740562
Detection Rate,0.9321151984511132
Detection Prevalence,0.9581316553727008
Balanced Accuracy,0.7760457411675759
