label,recall,support
Botnet,0.9865401871554929,7801
Normal,0.8293736501079914,463
