metric,value
Sensitivity,0.9234449760765551
Specificity,0.9016100178890877
Pos Pred Value,0.9546578730420445
Neg Pred Value,0.8400000000000002
Precision,0.9546578730420445
Recall,0.9234449760765551
F1,0.9387920551276855
Prevalence,0.6916712630998345
Detection Rate,0.6387203530060673
Detection Prevalence,0.6690568119139547
Balanced Accuracy,0.9125274969828214
